Molecule ChEMBL ID,SMILES,Active
CHEMBL426289,C=CCCCOC(=O)[C@@]1(C)CCC[C@]2(C)c3cc(O)ccc3CC[C@@H]12,0
CHEMBL5987133,CS(=O)(=O)c1cc(F)cc(N2CCN(Cc3ccc(C(F)(F)F)nc3)C(c3ccccc3)C2)c1,0
CHEMBL5922516,CC(C)[C@@H]1CN(c2ccc(F)c(S(C)(=O)=O)c2)CCN1c1ccc(C(F)(F)F)cn1,1
CHEMBL5993866,CC(C)[C@@H]1CN(c2ccc(F)c(S(C)(=O)=O)c2)CCN1c1ncc(C(F)(F)F)c(Cl)n1,1
CHEMBL3673681,CCC(O)c1cnc(N2CCn3c(nc4cc(CO)c(S(C)(=O)=O)cc43)[C@@H]2C(C)C)nc1C(F)(F)F,0
CHEMBL517246,COC(=O)c1noc([C@](F)([C@H]2Cc3[nH]c4ccc(Cl)cc4c3C2)S(=O)(=O)c2ccccc2)n1,0
CHEMBL3360975,CC(C)(O)c1cn(-c2ccc(-c3cccc(S(C)(=O)=O)c3)cc2)c(C(C)(C)c2ccccc2Cl)n1,1
CHEMBL6029273,COC(=O)c1ccc(N2CCN(Cc3ccc(C(F)(F)F)nc3)C(c3ccccc3)C2)cc1S(C)(=O)=O,0
CHEMBL194353,C[C@]1(C(=O)NCC2(c3ccccc3)CCCCC2)CCC[C@]2(C)c3ccccc3CC[C@@H]12,1
CHEMBL3673683,CCCC(O)c1cnc(N2CCn3c(nc4cc(CO)c(S(C)(=O)=O)cc43)[C@H]2C(C)C)nc1C(F)(F)F,1
CHEMBL454408,COC(=O)[C@](C)([C@@H]1CCc2c([nH]c3ccc(Cl)cc23)C1)S(=O)(=O)c1ccc(Cl)c(Cl)c1,0
CHEMBL5775096,CC(CCOc1cccc(CC(=O)O)c1)N(Cc1cccc(C(F)(F)F)c1Cl)CC(c1ccccc1)c1ccccc1,1
CHEMBL5913139,Cc1nc(C(F)(F)F)ccc1CN1CCN(c2cccc(S(C)(=O)=O)c2)CC1c1ccccc1,0
CHEMBL5970764,CC(O)(c1ccc(CN2CCN(c3cccc(S(C)(=O)=O)c3)C[C@@H]2c2ccccc2)cc1)C(F)(F)F,0
CHEMBL59359,COc1ccc(CN(CCCOc2cccc(CC(N)=O)c2)CC(c2ccccc2)c2ccccc2)cc1F,1
CHEMBL3673699,Cc1cnc(N2CCn3c(nc4cc(CO)c(S(C)(=O)=O)cc43)[C@H]2C(C)C)nc1C(F)(F)F,1
CHEMBL372612,C[C@]1(C(=O)NCC2(c3ccccc3)CCCCC2)CCC[C@]2(C)c3cc(O)ccc3CC[C@@H]12,1
CHEMBL5909340,CC(C)[C@H]1CN(c2ccc(C#N)c(S(C)(=O)=O)c2)CCN1C[C@H]1CC[C@@H](C(F)(F)F)CC1,1
CHEMBL3673690,CC(C)[C@H]1c2nc3cc(CO)c(S(C)(=O)=O)cc3n2CCN1c1ncc(C(N)=O)c(C(F)(F)F)n1,0
CHEMBL197522,CC1(C)C2CCC(NC(=O)[C@@]3(C)CCC[C@]4(C)c5cc(O)ccc5CC[C@@H]34)C1C2,1
CHEMBL61124,COc1ccc(CN(CCCOc2cccc(CC(N)=O)c2)CC(c2ccccc2)c2ccccc2)c(F)c1,1
CHEMBL5905710,CS(=O)(=O)c1cccc(N2CCN(C[C@H]3CCN(CC(F)(F)F)C3)[C@@H](c3ccccc3)C2)c1,0
CHEMBL507805,CNC(=O)[C@](F)([C@H]1Cc2[nH]c3ccc(Cl)cc3c2C1)S(=O)(=O)c1ccccc1,0
CHEMBL3815014,CC(C)[C@@H]1CN(c2cccc(S(C)(=O)=O)c2)CCN1c1nccc(C(F)(F)F)n1,1
CHEMBL5885460,CS(=O)(=O)c1cccc(N2CCN(CC3CCOCC3)[C@@H](c3ccccc3)C2)c1,0
CHEMBL3814372,CS(=O)(=O)c1cccc(N2CCN(Cc3ccc(C(F)(F)F)nc3)C(c3ccccc3)C2)c1,0
CHEMBL5937591,CS(=O)(=O)c1cc(N2CCN(C[C@H]3CC[C@@H](C(F)(F)F)CC3)[C@H](c3ccccc3)C2)ccc1C#N,0
CHEMBL427183,C[C@]1(C(=O)OCc2ccccc2)CCC[C@]2(C)c3cc(O)ccc3CC[C@@H]12,0
CHEMBL4463581,O=C(N1CC[C@@]2(S(=O)(=O)c3ccc(F)cc3)c3ccc(C(F)(C(F)(F)F)C(F)(F)F)cc3CC[C@@H]12)C1(O)CCS(=O)(=O)CC1,0
CHEMBL516657,COC(=O)[C@](F)([C@H]1Cc2[nH]c3ccc(Cl)cc3c2C1)S(=O)(=O)c1ccccn1,0
CHEMBL60393,NC(=O)Cc1cccc(OCCCN(Cc2cccc(C(F)(F)F)c2)CC(c2ccccc2)c2ccccc2)c1,1
CHEMBL3673696,Cc1nc(N2CCn3c(nc4cc(CO)c(S(C)(=O)=O)cc43)[C@H]2C(C)C)ncc1CO,0
CHEMBL402063,C/C=C1/C(=O)C[C@H]2[C@@H]3CCC4=CC(=O)CC[C@]4(C)[C@H]3CC[C@]12C,0
CHEMBL194642,C[C@]1(C(=O)NCC23CC4CC(CC(C4)C2)C3)CCC[C@]2(C)c3cc(O)ccc3CC[C@@H]12,1
CHEMBL5820777,CS(=O)(=O)c1cccc(N2CCN(Cc3ccc(C(F)(F)F)nc3)[C@H](c3ccccc3)C2)c1,0
CHEMBL456237,Fc1ccc(-c2c3cccc(C(F)(F)F)c3nn2Cc2ccc(F)cc2Cl)cc1,1
CHEMBL5808003,CS(=O)(=O)c1ccc(F)c(N2CCN(Cc3ccc(C(F)(F)F)nc3)C(c3ccccc3)C2)c1,0
CHEMBL462446,CN(C)c1nnc([C@](F)([C@H]2Cc3[nH]c4ccc(Cl)cc4c3C2)S(=O)(=O)c2ccccc2)o1,1
CHEMBL216645,O=C(O)Cc1ccc(NCc2cccc(-c3c(Cc4ccccc4)cnc4c(C(F)(F)F)cccc34)c2)cc1,1
CHEMBL3672848,CC(C)[C@@H]1c2cc3cc(CO)c(S(C)(=O)=O)cc3n2CCN1c1nccc(C(F)(F)F)n1,1
CHEMBL6012432,CC(C)(C)OC(=O)N1CCN(c2cccc(S(C)(=O)=O)c2)CC1c1ccccc1,0
CHEMBL6023209,CC(C)[C@H]1CN(c2ccc(CO)c(S(C)(=O)=O)c2)CCN1C[C@@H]1CC[C@H](C(F)(F)F)OC1,1
CHEMBL3673672,CC(C)C1c2nc3ccc(S(C)(=O)=O)cc3n2CCN1c1ncc(C(N)=O)c(C(F)(F)F)n1,0
CHEMBL194192,C=CCCOC(=O)[C@@]1(C)CCC[C@]2(C)c3cc(O)ccc3CC[C@@H]12,0
CHEMBL196340,C[C@]1(C(=O)N2CCCC(c3ccccc3)C2)CCC[C@]2(C)c3ccccc3CC[C@@H]12,1
CHEMBL5825016,CS(=O)(=O)c1cccc(N2CCN(Cc3ccc(C(F)(F)F)nc3)[C@@H](c3ccccc3)C2)c1,0
CHEMBL3672845,CC(C)[C@H]1c2nc3cc(CO)c(S(C)(=O)=O)cc3n2CCN1c1nccc(C(F)(F)F)n1,0
CHEMBL5932799,CS(=O)(=O)c1cccc(N2CCN(c3nccc(C(F)(F)F)n3)[C@H](c3ccc(F)cc3)C2)c1,1
CHEMBL3813875,CS(=O)(=O)c1cccc(N2CCN(c3nccc(C(F)(F)F)n3)C(c3ccccc3)C2)c1,0
CHEMBL3673701,CC(=O)c1cnc(N2CCn3c(nc4ccc(S(C)(=O)=O)cc43)[C@@H]2C(C)C)nc1C(F)(F)F,0
CHEMBL5982583,CC(C)[C@@H]1CN(c2cccc(S(C)(=O)=O)c2)CCN1c1ncc(C2CC2)cn1,1
CHEMBL5804175,CS(=O)(=O)c1cccc(N2CCN(c3nccc(C(F)(F)F)n3)[C@@H](c3ccccc3)C2)c1,0
CHEMBL5866992,CS(=O)(=O)c1cccc(N2CCN(C(=O)C3CCC(F)(F)CC3)[C@@H](c3ccccc3)C2)c1,1
CHEMBL6046038,CS(=O)(=O)c1cccc(N2CCN(Cc3ccc(C(F)(F)F)nc3)C(c3cccc(Cl)c3)C2)c1,0
CHEMBL595689,Cc1cnc2c(C(F)(F)F)cccc2c1-c1cccc(Oc2cccc(S(C)(=O)=O)c2)c1,1
CHEMBL4174856,CN1CC[C@@H](N2C(=O)S/C(=C\c3ccc4c(cnn4Cc4ccc(Cl)cc4C(F)(F)F)c3)C2=O)[C@H](F)C1,0
CHEMBL199255,C[C@]1(C(=O)NC23CC4CC(CC(C4)C2)C3)CCC[C@]2(C)c3cc(O)ccc3CC[C@@H]12,1
CHEMBL194866,C[C@]1(C(=O)CC(=O)C23CC4CC(CC(C4)C2)C3)CCC[C@]2(C)c3ccccc3CC[C@@H]12,0
CHEMBL5808374,Cc1cccc(C2CN(c3cccc(S(C)(=O)=O)c3)CCN2Cc2ccc(C(F)(F)F)nc2)c1,0
CHEMBL3673695,COc1nc(N2CCn3c(nc4cc(CO)c(S(C)(=O)=O)cc43)[C@H]2C(C)C)ncc1C(F)(F)F,1
CHEMBL3814478,CC(C)[C@@H]1CN(c2ccc(F)c(S(C)(=O)=O)c2)CCN1c1ncc(C(C)(C)O)c(C(F)(F)F)n1,1
CHEMBL3672849,CC(C)[C@H]1c2cc3cc(CO)c(S(C)(=O)=O)cc3n2CCN1c1nccc(C(F)(F)F)n1,0
CHEMBL518171,O=S(=O)(c1ccccc1)[C@](F)(c1nnc(C2CC2)o1)[C@H]1Cc2[nH]c3ccc(Cl)cc3c2C1,1
CHEMBL5979477,Cc1cc(CN2CCN(c3cccc(S(C)(=O)=O)c3)CC2c2ccccc2)cnc1C(F)(F)F,0
CHEMBL3672844,CC(C)[C@@H]1c2nc3cc(CO)c(S(C)(=O)=O)cc3n2CCN1c1nccc(C(F)(F)F)n1,1
CHEMBL194409,C[C@]1(C(=O)NC2C3CC4CC(C3)CC2C4)CCC[C@]2(C)c3cc(O)ccc3CC[C@@H]12,1
CHEMBL5803651,CS(=O)(=O)c1cccc(N2CCN(CC3CCCOC3)[C@@H](c3ccccc3)C2)c1,0
CHEMBL5927361,CS(=O)(=O)c1cc(N2CCN(Cc3ccc(C(F)(F)F)nc3)C(c3ccccc3)C2)ccc1CO,0
CHEMBL61766,NC(=O)Cc1cccc(OCCCN(Cc2ccc(F)c(C(F)(F)F)c2)CC(c2ccccc2)c2ccccc2)c1,1
CHEMBL5950252,CS(=O)(=O)c1cccc(N2CCN(Cc3ccc(C(F)(F)F)o3)[C@@H](c3ccccc3)C2)c1,0
CHEMBL3673702,CC(C)[C@@H]1c2nc3ccc(S(C)(=O)=O)cc3n2CCN1c1ncc(C(C)(C)O)c(C(F)(F)F)n1,1
CHEMBL5793135,CS(=O)(=O)c1cc(N2CCN(C[C@H]3CC[C@@H](C(F)(F)F)CC3)[C@H](c3ccccc3)C2)ccc1C(N)=O,0
CHEMBL5994972,CC(C)[C@@H]1CN(c2ccc(F)c(S(C)(=O)=O)c2)CCN1c1nccc(C2CC2)n1,1
CHEMBL3673682,CCC(O)c1cnc(N2CCn3c(nc4cc(CO)c(S(C)(=O)=O)cc43)[C@H]2C(C)C)nc1C(F)(F)F,1
CHEMBL595118,Cc1cnc2c(C(F)(F)F)cccc2c1-c1cccc(Oc2cccc(CO)c2)c1,1
CHEMBL5769761,CS(=O)(=O)c1cccc(N2CCN(Cc3ccc(C(F)(F)F)cn3)[C@@H](c3ccccc3)C2)c1,0
CHEMBL3673671,CC(C)C1c2nc3ccc(S(C)(=O)=O)cc3n2CCN1c1ncc(CO)c(C(F)(F)F)n1,0
CHEMBL5912783,CS(=O)(=O)c1cccc(N2CCN(C(=O)C3CCC(O)(C(F)(F)F)CC3)[C@H](c3ccccc3)C2)c1,0
CHEMBL3673673,CC(=O)c1cnc(N2CCn3c(nc4cc(CO)c(S(C)(=O)=O)cc43)[C@H]2C(C)C)nc1C(F)(F)F,1
CHEMBL3814153,CC(C)[C@@H]1CN(c2ccc(F)c(S(C)(=O)=O)c2)CCN1c1nccc(C(F)(F)F)n1,1
CHEMBL5988434,CC(C)(C)OC(=O)N1CCN(c2cccc(S(C)(=O)=O)c2)C[C@@H]1Cc1ccccc1,0
CHEMBL365544,CC1(C(=O)NC(=O)[C@@]2(C)CCC[C@]3(C)c4cc(O)ccc4CC[C@@H]23)CCC[C@]2(C)c3cc(O)ccc3CC[C@@H]12,1
CHEMBL3672843,CC(C)C1c2nc3ccc(S(C)(=O)=O)cc3n2CCN1c1nccc(C(F)(F)F)n1,0
CHEMBL196145,C[C@]1(C(=O)NCCc2ccccc2)CCC[C@]2(C)c3cc(O)ccc3CC[C@@H]12,0
CHEMBL5867896,NS(=O)(=O)c1cccc(N2CCN(C(=O)C3CCC(C(F)(F)F)CC3)[C@H](c3ccccc3)C2)c1,0
CHEMBL365750,CC(CNC(=O)[C@@]1(C)CCC[C@]2(C)c3ccccc3CC[C@@H]12)(c1ccccc1)c1ccccc1,1
CHEMBL5887887,NS(=O)(=O)c1cccc(N2CCN(C(=O)C3CCC(C(F)F)CC3)[C@@H](c3ccccc3)C2)c1,1
CHEMBL5917137,Cc1csc(-c2ccc(N3CCN(c4ncc(CO)c(C(F)(F)F)n4)[C@H](C(C)C)C3)cc2S(C)(=O)=O)n1,1
CHEMBL3673674,CC(=O)c1cnc(N2CCn3c(nc4cc(CO)c(S(C)(=O)=O)cc43)[C@@H]2C(C)C)nc1C(F)(F)F,0
CHEMBL5770941,CS(=O)(=O)c1cccc(N2CCN(Cc3ccc(OC(F)F)cc3)[C@@H](c3ccccc3)C2)c1,0
CHEMBL5741134,NS(=O)(=O)c1cccc(N2CCN(C(=O)C3CCC(C(F)F)CC3)[C@H](c3ccccc3)C2)c1,0
CHEMBL5426305,C[C@H]1CCCCN1c1cc(-c2ccco2)nnc1N,0
CHEMBL454622,COC(=O)[C@](F)([C@H]1Cc2[nH]c3ccc(Cl)nc3c2C1)S(=O)(=O)c1ccccc1,0
CHEMBL3673669,CC(C)C1c2nc3ccc(S(C)(=O)=O)cc3n2CCN1c1ncc(C(C)(C)O)c(C(F)(F)F)n1,0
CHEMBL5749098,CC1(C)CCC(C(=O)N2CCN(c3cccc(S(C)(=O)=O)c3)C[C@@H]2c2ccccc2)CC1,1
CHEMBL3814006,CS(=O)(=O)c1cc(-c2ccc(CN(Cc3ccccc3)S(=O)(=O)c3ccccc3C(F)(F)F)s2)ccc1CO,1
CHEMBL3673675,CC(C)[C@@H]1c2nc3cc(CO)c(S(C)(=O)=O)cc3n2CCN1c1ncc(C(C)(C)O)c(C(F)(F)F)n1,1
CHEMBL3673705,CC(O)c1cnc(N2CCn3c(nc4ccc(S(C)(=O)=O)cc43)[C@@H]2C(C)C)nc1C(F)(F)F,0
CHEMBL3673680,CCC(=O)c1cnc(N2CCn3c(nc4cc(CO)c(S(C)(=O)=O)cc43)[C@@H]2C(C)C)nc1C(F)(F)F,0
CHEMBL370175,C[C@]1(C(=O)N2C3CCCCC3C3CCCCC32)CCC[C@]2(C)c3cc(O)ccc3CC[C@@H]12,1
CHEMBL3673700,CC(=O)c1cnc(N2CCn3c(nc4ccc(S(C)(=O)=O)cc43)[C@H]2C(C)C)nc1C(F)(F)F,1
CHEMBL5768304,CS(=O)(=O)c1cccc(N2CCN(Cc3ccc(C(F)(F)F)cc3)[C@H](c3ccccc3)C2)c1,0
CHEMBL3673686,CC(C)[C@H]1c2nc3cc(CO)c(S(C)(=O)=O)cc3n2CCN1c1ncc(CO)c(C(F)(F)F)n1,0
CHEMBL5957481,CC(O)c1cnc(N2CCN(c3ccc(F)c(S(C)(=O)=O)c3)C[C@H]2C(C)C)nc1C(F)(F)F,1
CHEMBL214719,O=C(O)Cc1ccc(COc2cccc(-c3c(Cc4ccccc4)cnc4c(C(F)(F)F)cccc34)c2)cc1,1
CHEMBL3673694,CC(C)[C@H]1c2nc3cc(CO)c(S(C)(=O)=O)cc3n2CCN1c1ncc(C(=O)N(C)C)c(C(F)(F)F)n1,0
CHEMBL5889478,CS(=O)(=O)c1cccc(N2CCN(C(=O)C3CCC(C(F)(F)F)CC3)[C@H](c3ccccc3)C2)c1,0
CHEMBL6005406,CS(=O)(=O)c1cccc(N2CCN(Cc3ccc(C(F)(F)F)c(Cl)c3)[C@H](c3ccccc3)C2)c1,0
CHEMBL5832554,CC1(O)CCC(C(=O)N2CCN(c3cccc(S(C)(=O)=O)c3)C[C@H]2c2ccccc2)CC1,0
CHEMBL3673687,CC(C)[C@@H]1c2nc3cc(CO)c(S(C)(=O)=O)cc3n2CCN1c1ncc(C(=O)O)c(C(F)(F)F)n1,0
CHEMBL196335,CCOC(=O)C12CC3CC(CC(NC(=O)[C@@]4(C)CCC[C@]5(C)c6cc(O)ccc6CC[C@@H]45)(C3)C1)C2,1
CHEMBL454623,CN(C)C(=O)[C@](F)([C@H]1Cc2[nH]c3ccc(Cl)cc3c2C1)S(=O)(=O)c1ccccc1,0
CHEMBL3673676,CC(C)[C@H]1c2nc3cc(CO)c(S(C)(=O)=O)cc3n2CCN1c1ncc(C(C)(C)O)c(C(F)(F)F)n1,0
CHEMBL3673706,CC(C)[C@@H]1c2nc3ccc(S(C)(=O)=O)cc3n2CCN1c1ncc(CO)c(C(F)(F)F)n1,1
CHEMBL3673691,CNC(=O)c1cnc(N2CCn3c(nc4cc(CO)c(S(C)(=O)=O)cc43)[C@H]2C(C)C)nc1C(F)(F)F,0
CHEMBL62136,O=S(=O)(c1ccccc1)N(CC(F)(F)F)c1ccc(C(O)(C(F)(F)F)C(F)(F)F)cc1,1
CHEMBL3673678,CC(O)c1cnc(N2CCn3c(nc4cc(CO)c(S(C)(=O)=O)cc43)[C@H]2C(C)C)nc1C(F)(F)F,1
CHEMBL5822237,CS(=O)(=O)c1cccc(N2CCN(Cc3ccc(C(F)(F)F)nc3)[C@@H](c3ccccc3Cl)C2)c1,1
CHEMBL5775703,CC(c1ccc(C(F)(F)F)cc1)N1CCN(c2cccc(S(C)(=O)=O)c2)C[C@H]1c1ccccc1,0
CHEMBL3673707,CC(C)[C@H]1c2nc3ccc(S(C)(=O)=O)cc3n2CCN1c1ncc(CO)c(C(F)(F)F)n1,0
CHEMBL5769813,CS(=O)(=O)c1cccc(N2CCN(C(=O)C3CCC(C(F)F)CC3)[C@H](c3ccccc3)C2)c1,0
CHEMBL5764661,CS(=O)(=O)c1cccc(N2CCN(C[C@@H]3CC[C@H](C(F)(F)F)OC3)[C@@H](c3ccc(F)cc3)C2)c1,0
CHEMBL58076,NC(=O)Cc1cccc(OCCCN(Cc2cccc(C(F)(F)F)c2Cl)CC(c2ccccc2)c2ccccc2)c1,1
CHEMBL3672847,CC(C)[C@H]1c2cc3ccc(S(C)(=O)=O)cc3n2CCN1c1nccc(C(F)(F)F)n1,0
CHEMBL371990,CC(NC(=O)[C@@]1(C)CCC[C@]2(C)c3cc(O)ccc3CC[C@@H]12)C12CC3CC(CC(C3)C1)C2,1
CHEMBL3673709,CCOC(=O)c1cnc(N2CCn3c(nc4cc(CO)c(S(C)(=O)=O)cc43)C2C(C)C)nc1C(F)(F)F,1
CHEMBL453616,CN(C)c1noc([C@](F)([C@H]2Cc3[nH]c4ccc(Cl)cc4c3C2)S(=O)(=O)c2ccccc2)n1,1
CHEMBL5849483,Cc1nc(N2CCN(c3ccc(F)c(S(C)(=O)=O)c3)C[C@H]2C(C)C)ncc1Cl,1
CHEMBL3673693,CC(C)[C@@H]1c2nc3cc(CO)c(S(C)(=O)=O)cc3n2CCN1c1ncc(C(=O)N(C)C)c(C(F)(F)F)n1,0
CHEMBL3673668,CC(=O)c1cnc(N2CCn3c(nc4ccc(S(C)(=O)=O)cc43)C2C(C)C)nc1C(F)(F)F,0
CHEMBL194733,C[C@]1(C(=O)N2CCC(c3ccccc3)CC2)CCC[C@]2(C)c3ccccc3CC[C@@H]12,1
CHEMBL3673688,CC(C)[C@H]1c2nc3cc(CO)c(S(C)(=O)=O)cc3n2CCN1c1ncc(C(=O)O)c(C(F)(F)F)n1,0
CHEMBL3673703,CC(C)[C@H]1c2nc3ccc(S(C)(=O)=O)cc3n2CCN1c1ncc(C(C)(C)O)c(C(F)(F)F)n1,0
CHEMBL5969514,CC(C)(O)c1ccc(CN2CCN(c3cccc(S(C)(=O)=O)c3)C[C@@H]2c2ccccc2)cc1,0
CHEMBL191965,CC(=O)Oc1ccc2c(c1)[C@@]1(C)CCCC(C)(C(=O)OC(=O)[C@@]3(C)CCC[C@]4(C)c5cc(OC(C)=O)ccc5CC[C@@H]34)[C@@H]1CC2,1
CHEMBL3815001,CC(C)[C@@H]1CN(c2ccc(F)c(S(C)(=O)=O)c2)CCN1c1ncc(CO)c(C(F)(F)F)n1,1
CHEMBL5961935,CC(C)[C@@H]1CN(c2ccc(F)c(S(C)(=O)=O)c2)CCN1c1cnc(C(F)(F)F)cn1,1
CHEMBL455204,COC(=O)[C@](C)([C@@H]1CCc2c([nH]c3ccc(Cl)cc23)C1)S(=O)(=O)c1ccc(F)cc1,0
CHEMBL5977565,CS(=O)(=O)c1cccc(N2CCN(Cc3ccc(OC(F)(F)F)cc3)[C@@H](c3ccccc3)C2)c1,0
CHEMBL3945199,CC(C)(O)c1cn(-c2ccc(-c3cc(F)c(CO)c(S(C)(=O)=O)c3)cc2F)c(C(C)(C)c2c(Cl)cccc2Cl)n1,1
CHEMBL3673698,CC(C)[C@H]1c2nc3cc(CO)c(S(C)(=O)=O)cc3n2CCN1c1ncc(CO)c(C2CC2)n1,0
CHEMBL3672846,CC(C)[C@@H]1c2cc3ccc(S(C)(=O)=O)cc3n2CCN1c1nccc(C(F)(F)F)n1,1
CHEMBL3673704,CC(O)c1cnc(N2CCn3c(nc4ccc(S(C)(=O)=O)cc43)[C@H]2C(C)C)nc1C(F)(F)F,1
CHEMBL455206,COC(=O)[C@](F)([C@H]1Cc2[nH]c3ccc(Cl)cc3c2C1)S(=O)(=O)c1cccc(Br)c1,1
CHEMBL382942,C[C@@H]1[C@H]2C[C@@H](C[C@H]1NC(=O)[C@@]1(C)CCC[C@]3(C)c4cc(O)ccc4CC[C@@H]13)C2(C)C,1
CHEMBL5745456,CS(=O)(=O)c1cccc(N2CCN(Cc3ccc(C(F)(F)F)nc3)C(c3ccc(Cl)cc3)C2)c1,0
CHEMBL197265,C[C@]1(C(=O)N2CCC3(C=Cc4ccccc43)CC2)CCC[C@]2(C)c3ccccc3CC[C@@H]12,1
CHEMBL3814206,CC(C)[C@@H]1CN(c2ccc(CO)c(S(C)(=O)=O)c2)CCN1c1ncc(CO)c(C(F)(F)F)n1,1
CHEMBL3673679,CCC(=O)c1cnc(N2CCn3c(nc4cc(CO)c(S(C)(=O)=O)cc43)[C@H]2C(C)C)nc1C(F)(F)F,1
CHEMBL460111,COC(=O)[C@](C)([C@H]1Cc2[nH]c3ccc(Cl)cc3c2C1)S(=O)(=O)c1ccccc1,0
CHEMBL3813863,CC(C)[C@H]1CN(c2ccc(CO)c(S(C)(=O)=O)c2)CCN1c1ncc(CO)c(C(F)(F)F)n1,0
CHEMBL5890394,Cc1ccccc1[C@H]1CN(c2cccc(S(C)(=O)=O)c2)CCN1Cc1ccc(C(F)(F)F)nc1,0
CHEMBL194573,C[C@]1(C(=O)NC(=O)C2(c3ccccc3)CCCCC2)CCC[C@]2(C)c3ccccc3CC[C@@H]12,1
CHEMBL3673692,CNC(=O)c1cnc(N2CCn3c(nc4cc(CO)c(S(C)(=O)=O)cc43)[C@@H]2C(C)C)nc1C(F)(F)F,0
CHEMBL594757,Cc1nc2c(C(F)(F)F)cccc2n1-c1cccc(Oc2cccc(S(C)(=O)=O)c2)c1,1
CHEMBL424831,C[C@]1(C(=O)NC2CC3CCC2C3)CCC[C@]2(C)c3cc(O)ccc3CC[C@@H]12,0
CHEMBL3673670,CCOC(=O)c1cnc(N2CCn3c(nc4ccc(S(C)(=O)=O)cc43)C2C(C)C)nc1C(F)(F)F,0
CHEMBL3673685,CC(C)[C@@H]1c2nc3cc(CO)c(S(C)(=O)=O)cc3n2CCN1c1ncc(CO)c(C(F)(F)F)n1,1
CHEMBL3673677,CC(O)c1cnc(N2CCn3c(nc4cc(CO)c(S(C)(=O)=O)cc43)[C@@H]2C(C)C)nc1C(F)(F)F,0
CHEMBL5952042,CC(C)c1ccc(CN2CCN(c3cccc(S(C)(=O)=O)c3)C[C@H]2c2ccccc2)cc1,0
CHEMBL3673708,CC(=O)c1cnc(N2CCn3c(nc4cc(CO)c(S(C)(=O)=O)cc43)C2C(C)C)nc1C(F)(F)F,1
CHEMBL453617,N#Cc1noc([C@](F)([C@H]2Cc3[nH]c4ccc(Cl)cc4c3C2)S(=O)(=O)c2ccccc2)n1,1
CHEMBL453391,COC(=O)[C@](F)([C@H]1Cc2[nH]c3ccc(Cl)cc3c2C1)S(=O)(=O)c1cccnc1,0
CHEMBL459905,COC(=O)[C@](F)([C@H]1Cc2[nH]c3ccc(Cl)cc3c2C1)S(=O)(=O)c1ccccc1,1
CHEMBL5967753,CC(O)(c1ccc(CN2CCN(c3cccc(S(C)(=O)=O)c3)C[C@H]2c2ccccc2)cc1)C(F)(F)F,0
CHEMBL5888505,CC(C)[C@@H]1CN(c2cccc(S(N)(=O)=O)c2)CCN1c1nccc(C(F)(F)F)n1,1
CHEMBL3673684,CCOC(=O)c1cnc(N2CCn3c(nc4cc(CO)c(S(C)(=O)=O)cc43)[C@H]2C(C)C)nc1C(F)(F)F,1
CHEMBL196106,C=CCOC(=O)[C@@]1(C)CCC[C@]2(C)c3cc(O)ccc3CC[C@@H]12,0
CHEMBL3673710,COC(=O)c1cnc(N2CCn3c(nc4cc(CO)c(S(C)(=O)=O)cc43)[C@H]2C(C)C)nc1C(F)(F)F,1
CHEMBL3673697,CC(C)[C@@H]1c2nc3cc(CO)c(S(C)(=O)=O)cc3n2CCN1c1ncc(CO)c(C2CC2)n1,0
CHEMBL454410,COC(=O)[C@](C)([C@@H]1CCc2c([nH]c3ccc(Cl)cc23)C1)S(=O)(=O)c1ccccc1OC,0
CHEMBL427040,CCCc1c(OCCCN(C)c2ccc(CC(=O)O)c(C)c2)ccc2c(C(F)(F)F)noc12,1
CHEMBL377218,CCCc1c(OCCCn2ccc3cc(C(=O)O)ccc32)ccc2c(C(F)(F)F)noc12,1
CHEMBL208711,CCCc1c(OCCCN(CC)c2ccc(CC(=O)O)cc2)ccc2c(C(F)(F)F)noc12,1
CHEMBL254541,CCC#CCC(C(=O)O)c1ccc(COc2cccc(-c3ccc(C(F)(F)F)c4ncc(C(=O)c5ccccc5)cc34)c2)cc1,1
CHEMBL253398,O=C(c1ccccc1)c1cnc2c(C(F)(F)F)ccc(-c3cccc(OCc4ccc(C(Cc5ccccc5)C(=O)O)cc4)c3)c2c1,1
CHEMBL596233,COc1ccc(Oc2cccc(-c3c(Cc4ccccc4)cnc4c(C(F)(F)F)cccc34)c2)cc1,1
CHEMBL214324,CN(Cc1ccc(CC(=O)O)cc1)c1cccc(-c2c(Cc3ccccc3)cnc3c(C(F)(F)F)cccc23)c1,1
CHEMBL207103,CCCc1c(OCCCNc2ccc(CC(=O)O)cc2)ccc2c(C(F)(F)F)noc12,1
CHEMBL383646,CCCc1c(OCCCN(C)c2ccc(CC(=O)O)cc2Cl)ccc2c(C(F)(F)F)noc12,1
CHEMBL595124,CC(C)(O)c1cccc(Oc2cccc(-c3c(Cc4ccccc4)cnc4c(C(F)(F)F)cccc34)c2)c1,1
CHEMBL2381211,Clc1ccc(CN(Cc2cccnc2)Cc2sccc2-n2cccc2)cc1,0
CHEMBL2381204,Cc1cccc(CN(Cc2cccnc2)Cc2ccc([N+](=O)[O-])s2)c1,0
CHEMBL2381198,O=[N+]([O-])c1ccc(CN(Cc2ccc(Cl)cc2)Cc2ccccc2F)s1,0
CHEMBL2381193,N#Cc1ccc(CN(Cc2cccnc2)Cc2ccc(F)c(F)c2)s1,0
CHEMBL2381194,N#Cc1ccc(CN(Cc2cccnc2)Cc2cc(F)ccc2F)s1,0
CHEMBL604479,OCc1cccc(Oc2cccc(-c3c(Cc4ccccc4)cnc4c(C(F)(F)F)cccc34)c2)c1,1
CHEMBL593960,OCc1ccc(Oc2cccc(-c3c(-c4ccccc4)cnc4c(C(F)(F)F)cccc34)c2)cc1,1
CHEMBL592985,Oc1ccc(Oc2cccc(-c3c(Cc4ccccc4)cnc4c(C(F)(F)F)cccc34)c2)cc1,1
CHEMBL471608,COC(=O)c1cccc(Oc2cccc(-c3c(Cc4ccccc4)cnc4c(C(F)(F)F)cccc34)c2)c1,1
CHEMBL594175,Cc1cnc2c(C(F)(F)F)cccc2c1-c1cccc(Oc2cc(F)cc(S(C)(=O)=O)c2)c1,1
CHEMBL604582,Cc1cnc2c(C(F)(F)F)cccc2c1-c1cccc(Oc2cccc(S(=O)(=O)CCC(C)(C)O)c2)c1,1
CHEMBL606539,CS(=O)(=O)c1cccc(Oc2cccc(-c3c(Cc4ccccc4)cnc4c(Cl)cccc34)c2)c1,1
CHEMBL1095714,CS(=O)(=O)c1cccc(-c2cccc(-c3ccnc4c(C(F)(F)F)cccc34)c2)c1,1
CHEMBL1098401,CS(=O)(=O)c1cccc(-c2cccc(-c3c(Cc4ccccc4)cnc4c(C(F)(F)F)cccc34)c2)c1,1
CHEMBL524014,CCCCN(Cc1cc(Cl)c(O)c(OC)c1)c1ccc(C(O)(C(F)(F)F)C(F)(F)F)cc1,1
CHEMBL384298,COC(=O)C1(c2ccccc2)CCCN1c1ccc(C(O)(C(F)(F)F)C(F)(F)F)cc1,1
CHEMBL214942,CCN(c1ccc(C(O)(C(F)(F)F)C(F)(F)F)cc1)C(C(=O)OC)c1ccccc1,1
CHEMBL216055,CCN(Cc1cccnc1)c1ccc(C(O)(C(F)(F)F)C(F)(F)F)cc1,0
CHEMBL215036,CCN(Cc1cscn1)c1ccc(C(O)(C(F)(F)F)C(F)(F)F)cc1Cl,1
CHEMBL215663,CCN(Cc1ccccc1)c1ccc(C(O)(C(F)(F)F)C(F)(F)F)cc1Cl,1
CHEMBL383959,CCN(Cc1ccccc1)c1ccc(C(O)(C(F)(F)F)C(F)(F)F)cc1,1
CHEMBL207382,CCCc1c(OCCCN2C(=O)Cc3cc(C(=O)O)ccc32)ccc2c(C(F)(F)F)noc12,1
CHEMBL210454,CCCc1c(OCCCCc2ccc(CC(=O)O)cc2)ccc2c(C(F)(F)F)noc12,1
CHEMBL217376,O=C(O)c1cccc(COc2cccc(-c3c(C(=O)c4ccccc4)cnc4c(C(F)(F)F)cccc34)c2)c1,0
CHEMBL409212,CCN(c1ccc(C(O)(C(F)(F)F)C(F)(F)F)cc1)C(C(=O)N1CCCCC1)c1ccccc1,0
CHEMBL596262,OCc1ccc(Oc2cccc(-c3c(-c4ccccc4)cnc4c(Cl)cccc34)c2)cc1,1
CHEMBL594174,Cc1cnc2c(C(F)(F)F)cccc2c1-c1cccc(Oc2cccc(S(=O)(=O)CCC(C)C)c2)c1,1
CHEMBL593471,CS(=O)(=O)c1cccc(Oc2cccc(-c3ccnc4c(Cl)cccc34)c2)c1,1
CHEMBL596593,Cc1nc2c(Cl)cccc2n1-c1cccc(Oc2cccc(S(=O)(=O)C(F)(F)F)c2)c1,1
CHEMBL253521,Cc1c(CC(=O)O)ccc(NCc2cccc(-c3c(Cc4ccccc4)cnc4c(C(F)(F)F)cccc34)c2)c1C,1
CHEMBL403418,Cc1cc(NCc2cccc(-c3c(Cc4ccccc4)cnc4c(C(F)(F)F)cccc34)c2)c(C)cc1CC(=O)O,1
CHEMBL254539,CC#CCC(C(=O)O)c1ccc(COc2cccc(-c3ccc(C(F)(F)F)c4ncc(C(=O)c5ccccc5)cc34)c2)cc1,1
CHEMBL465148,Cc1cc(O)cc2c1[C@H]1O[C@](C)(Cc3cc4c(c(O)c31)C(=O)c1c(O)cc(O)cc1C4(C)C)O2,0
CHEMBL463906,COc1cc(C)c2c(c1)O[C@@]1(C)Cc3cc4c(c(O)c3[C@@H]2O1)C(=O)c1c(O)c(Cl)c(O)c(Cl)c1C4(C)C,0
CHEMBL492421,CCCCN(Cc1cc(Cl)c(OC)c(Cl)c1)c1ccc(C(O)(C(F)(F)F)C(F)(F)F)cc1,1
CHEMBL493468,CCCCN(Cc1cc(OC(F)(F)F)ccc1O)c1ccc(C(O)(C(F)(F)F)C(F)(F)F)cc1,1
CHEMBL495494,CN(Cc1ccccc1)c1ccc(C(O)(C(F)(F)F)C(F)(F)F)cc1,1
CHEMBL1089232,CCc1nc2c(C(F)(F)F)cccc2nc1-c1ccc(-c2cccc(S(C)(=O)=O)c2)cc1,1
CHEMBL605314,Cc1nc2c(C(F)(F)F)cccn2c1-c1cccc(Oc2cccc(S(C)(=O)=O)c2)c1,1
CHEMBL612007,CS(=O)(=O)c1cccc(Oc2cccc(-c3c(CN4CCSC4)nc4c(C(F)(F)F)cccn34)c2)c1,1
CHEMBL596381,CC(C)c1nc2c(C(F)(F)F)cccn2c1-c1cccc(OCc2cccc(S(C)(=O)=O)c2)c1,1
CHEMBL385546,CCN(c1ccc(C(O)(C(F)(F)F)C(F)(F)F)cc1)C(COCC(=O)NC)c1ccccc1,0
CHEMBL263089,CCN(c1ccc(C(O)(C(F)(F)F)C(F)(F)F)cc1)C(CC)(C(=O)OC)c1ccccc1,1
CHEMBL214687,CCN(c1ccc(C(O)(C(F)(F)F)C(F)(F)F)cc1Cl)C(COc1ccc(CCC(=O)OC)cc1)c1ccccc1,1
CHEMBL215167,CCN(c1ccc(C(O)(C(F)(F)F)C(F)(F)F)cc1Cl)C(CC)(C(=O)OC)c1ccccc1,1
CHEMBL207188,CCCc1c(OCCCN(C)c2ccc(CC(=O)O)cn2)ccc2c(C(F)(F)F)noc12,1
CHEMBL207690,CCCc1c(OCCCN2C(=O)Cc3cc(CC(=O)O)ccc32)ccc2c(C(F)(F)F)noc12,1
CHEMBL207019,CCCc1c(OCCCN(C)c2ccc(CC(=O)O)cc2)ccc2c(C(F)(F)F)noc12,1
CHEMBL210768,CCCc1c(OCCCOc2ccc(CC(=O)O)cc2Cl)ccc2c(C(F)(F)F)noc12,1
CHEMBL1097160,CS(=O)(=O)c1cc(-c2cccc(-c3ccnc4c(C(F)(F)F)cccc34)c2)ccc1F,1
CHEMBL1096719,CCCc1cnc2c(C(F)(F)F)cccc2c1-c1cccc(-c2cccc(S(C)(=O)=O)c2)c1,1
CHEMBL1098832,CCS(=O)(=O)c1cccc(-c2cccc(-c3c(C)cnc4c(C(F)(F)F)cccc34)c2)c1,1
CHEMBL381064,CCCc1c(OCCCN(C)c2ncc(CC(=O)O)s2)ccc2c(C(F)(F)F)noc12,1
CHEMBL208567,CCCc1c(OCCCn2nnc3cc(CC(=O)O)ccc32)ccc2c(C(F)(F)F)noc12,1
CHEMBL207442,CCCc1c(OCCCN(C)c2cccc(CC(=O)O)c2)ccc2c(C(F)(F)F)noc12,1
CHEMBL217118,O=C(O)Cc1ccc(CNc2cccc(-c3c(Cc4ccccc4)cnc4c(C(F)(F)F)cccc34)c2)cc1,1
CHEMBL386772,O=C(O)Cc1ccc(COc2cccc(-c3c(C(=O)c4ccccc4)cnc4c(C(F)(F)F)cccc34)c2)cc1,1
CHEMBL214465,O=C(O)c1ccc(COc2ccc(-c3c(C(=O)c4ccccc4)cnc4c(C(F)(F)F)cccc34)cc2)cc1,1
CHEMBL2012765,COCCn1cccc1C(OC)(c1ccc(N(C)S(=O)(=O)c2ccccc2)cc1)C(F)(F)F,1
CHEMBL596591,Cc1nc2c(Cl)cccc2n1-c1cccc(Oc2cccc(S(=O)(=O)C(C)C)c2)c1,1
CHEMBL404469,O=C(O)Cc1ccc(NCc2cccc(-c3c(Cc4ccccc4)cnc4c(C(F)(F)F)cccc34)c2)c2ccccc12,1
CHEMBL254542,C#CCC(CC#C)(C(=O)O)c1ccc(COc2cccc(-c3ccc(C(F)(F)F)c4ncc(C(=O)c5ccccc5)cc34)c2)cc1,1
CHEMBL214915,CCN(c1ccc(C(O)(C(F)(F)F)C(F)(F)F)cc1)C(COCCO)c1ccccc1,0
CHEMBL386603,Cc1oc(-c2cccc(Cl)c2)nc1CN(CC(F)(F)F)c1ccc(C(O)(C(F)(F)F)C(F)(F)F)cc1,1
CHEMBL386174,CCN(Cc1cscn1)c1ccc(C(O)(C(F)(F)F)C(F)(F)F)cc1,1
CHEMBL2381207,O=[N+]([O-])c1ccc(CN(Cc2cccnc2)Cc2cccc(C(F)(F)F)c2)s1,0
CHEMBL1961797,CCCCCNC(=O)N1CCC(CN(Cc2ccc(Cl)cc2)Cc2ccc([N+](=O)[O-])s2)C1,0
CHEMBL1961795,CC(C)(C)OC(=O)CN(Cc1ccc(Cl)cc1)Cc1ccc([N+](=O)[O-])s1,0
CHEMBL210990,CCCc1c(OCCCN(C)c2ncc(CC(=O)O)cn2)ccc2c(C(F)(F)F)noc12,1
CHEMBL208967,CCCc1c(OCCCN(C)c2ccc(CC(=O)O)c(Cl)c2)ccc2c(C(F)(F)F)noc12,1
CHEMBL383728,CCCc1c(OCCCn2ccc3cc(CC(=O)O)ccc32)ccc2c(C(F)(F)F)noc12,1
CHEMBL207142,CCCc1c(OCCCN(C)c2ccc(C(=O)O)cc2)ccc2c(C(F)(F)F)noc12,1
CHEMBL595125,Cc1cnc2c(C(F)(F)F)cccc2c1-c1cccc(Oc2ccc(CO)cc2)c1,1
CHEMBL595804,COCCCS(=O)(=O)c1cccc(Oc2cccc(-c3c(C)cnc4c(C(F)(F)F)cccc34)c2)c1,1
CHEMBL593241,CS(=O)(=O)c1cccc(Oc2cccc(-c3ccnc4c(C(F)(F)F)cccc34)c2)c1,1
CHEMBL592506,CS(=O)(=O)c1cccc(Oc2cccc(-c3c(Cc4ccccc4)cnc4c(C(F)(F)F)cccc34)c2)c1,1
CHEMBL593884,Cc1cnc2c(C(F)(F)F)cccc2c1-c1cccc(Oc2ccc(S(C)(=O)=O)cc2)c1,1
CHEMBL2012767,CCOCCn1cccc1C(O)(c1ccc(N(C)S(=O)(=O)c2ccccc2)cc1)C(F)(F)F,1
CHEMBL593814,CCS(=O)(=O)c1cccc(Oc2cccc(-n3c(C)nc4c(Cl)cccc43)c2)c1,1
CHEMBL604907,CCCS(=O)(=O)c1cccc(Oc2cccc(-n3c(C)nc4c(C(F)(F)F)cccc43)c2)c1,1
CHEMBL595936,CCc1nc2c(C(F)(F)F)cccc2n1-c1cccc(Oc2cccc(S(C)(=O)=O)c2)c1,1
CHEMBL594288,CS(=O)(=O)c1cccc(Oc2ccc(Cl)c(-n3cnc4c(C(F)(F)F)cccc43)c2)c1,1
CHEMBL596047,Cc1cnc2c(Cl)cccc2c1-c1cccc(Oc2cccc(CO)c2)c1,1
CHEMBL611735,CS(=O)(=O)c1cccc(Oc2cccc(-c3c(Cc4ccccc4)nc4c(C(F)(F)F)cccn34)c2)c1,1
CHEMBL612006,CS(=O)(=O)c1cccc(Oc2cccc(-c3c(CN4CCCCC4)nc4c(C(F)(F)F)cccn34)c2)c1,1
CHEMBL603956,CC(C)c1nc2c(Cl)cccn2c1-c1cccc(Oc2cccc(S(C)(=O)=O)c2)c1,1
CHEMBL605107,CC(C)c1nc2c(Cl)cccn2c1-c1cccc(Oc2cccc(S(N)(=O)=O)c2)c1,1
CHEMBL606756,CCc1nc2c(C(F)(F)F)cccn2c1-c1cccc(Cc2cccc(S(C)(=O)=O)c2)c1,1
CHEMBL606157,Cc1cnc2c(Cl)cccc2c1-c1cccc(Oc2cccc(C(C)(C)O)c2)c1,1
CHEMBL522039,OC(c1ccc(N(Cc2ccccc2)Cc2ccccc2)cc1)(C(F)(F)F)C(F)(F)F,1
CHEMBL2381196,Cc1cc(Cl)ccc1CN(Cc1ccc(Cl)cc1)Cc1ccc([N+](=O)[O-])s1,0
CHEMBL2381212,Clc1ccc(CN(Cc2cccnc2)Cc2nccs2)cc1,0
CHEMBL2381203,Cc1ccccc1CN(Cc1cccnc1)Cc1ccc([N+](=O)[O-])s1,0
CHEMBL595580,CCCS(=O)(=O)c1cccc(Oc2cccc(-c3c(C)cnc4c(C(F)(F)F)cccc34)c2)c1,1
CHEMBL595344,CC(C)S(=O)(=O)c1cccc(Oc2cccc(-c3ccnc4c(C(F)(F)F)cccc34)c2)c1,1
CHEMBL595113,Cc1cnc2c(C(F)(F)F)cccc2c1-c1cccc(Oc2cccc(S(=O)(=O)C(C)C)c2)c1,1
CHEMBL461890,CNC(=O)c1cccc(Oc2cccc(-c3c(C)cnc4c(Cl)cccc34)c2)c1,1
CHEMBL492440,CCCCN(Cc1ccc(O)c(Cl)c1)c1ccc(C(O)(C(F)(F)F)C(F)(F)F)cc1,1
CHEMBL492637,CCCCN(Cc1ccccc1O)c1ccc(C(O)(C(F)(F)F)C(F)(F)F)cc1,1
CHEMBL494674,CCCCN(Cc1ccccn1)c1ccc(C(O)(C(F)(F)F)C(F)(F)F)cc1,1
CHEMBL494471,CCCCN(Cc1cccc(CCO)c1)c1ccc(C(O)(C(F)(F)F)C(F)(F)F)cc1,1
CHEMBL605723,Cc1nc2c(Cl)cccc2n1-c1cc(Oc2cccc(S(=O)(=O)C(F)(F)F)c2)ccc1Cl,1
CHEMBL214074,O=C(O)c1ccc(COc2cccc(-c3c(C(=O)c4ccccc4)cnc4c(C(F)(F)F)cccc34)c2)cc1,1
CHEMBL493033,CCCCN(Cc1cc(Cl)c(OC)c(OC)c1)c1ccc(C(O)(C(F)(F)F)C(F)(F)F)cc1,1
CHEMBL521981,CCCCN(Cc1cc(Cl)ccc1O)c1ccc(C(O)(C(F)(F)F)C(F)(F)F)cc1,1
CHEMBL494676,CCCCN(Cc1ccccc1)c1ccc(C(O)(C(F)(F)F)C(F)(F)F)cc1,1
CHEMBL385052,CCN(c1ccc(C(O)(C(F)(F)F)C(F)(F)F)cc1)C(COCC(=O)OC)c1ccccc1,1
CHEMBL214832,CCN(c1ccc(C(O)(C(F)(F)F)C(F)(F)F)cc1)[C@H](CO)c1ccccc1,1
CHEMBL383945,COC(=O)C1(c2ccccc2)CCCCN1c1ccc(C(O)(C(F)(F)F)C(F)(F)F)cc1,1
CHEMBL214948,CCN(c1ccc(C(O)(C(F)(F)F)C(F)(F)F)cc1)C(C)(C(=O)N(C)C)c1ccccc1,1
CHEMBL215904,CCN(c1ccc(C(O)(C(F)(F)F)C(F)(F)F)cc1)C(C)(C(=O)OC)c1ccccc1,1
CHEMBL385544,CCN(c1ccc(C(O)(C(F)(F)F)C(F)(F)F)cc1)C(C(=O)N1CCOCC1)c1ccccc1,0
CHEMBL214867,CCN(Cc1nc(-c2cccc(C(F)(F)F)c2)oc1C)c1ccc(C(O)(C(F)(F)F)C(F)(F)F)cc1,1
CHEMBL215789,CCN(Cc1nc(-c2cccc(Cl)c2)oc1C)c1ccc(C(O)(C(F)(F)F)C(F)(F)F)cc1,1
CHEMBL386530,CCN(CCc1ccccc1)c1ccc(C(O)(C(F)(F)F)C(F)(F)F)cc1Cl,1
CHEMBL215585,CCN(CCc1ccccc1)c1ccc(C(O)(C(F)(F)F)C(F)(F)F)cc1,1
CHEMBL594994,Cc1nc2c(Cl)cccc2n1-c1cccc(Oc2cccc(S(C)(=O)=O)c2)c1,1
CHEMBL594983,Cc1nc2c(C(F)(F)F)cccc2n1-c1cccc(Oc2cc(F)cc(S(C)(=O)=O)c2)c1,1
CHEMBL603636,CC(C)c1nc2c(C(F)(F)F)cccc2n1-c1cccc(Oc2cccc(S(C)(=O)=O)c2)c1,1
CHEMBL594367,CCS(=O)(=O)c1cccc(Oc2ccc(Cl)c(-n3cnc4c(C(F)(F)F)cccc43)c2)c1,1
CHEMBL595454,Cc1nc2c(Cl)cccc2n1-c1cc(Oc2cccc(S(=O)(=O)C(C)C)c2)ccc1Cl,1
CHEMBL1093499,Cc1nc2c(Cl)cccc2nc1-c1ccc(-c2cccc(S(C)(=O)=O)c2)cc1,1
CHEMBL602446,CS(=O)(=O)c1cc(Cl)cc(Oc2cccc(-c3c(C(N)=O)cnc4c(C(F)(F)F)cccc34)c2)c1,0
CHEMBL603743,OCc1cccc(Oc2cccc(-c3c(-c4ccccc4)cnc4c(C(F)(F)F)cccc34)c2)c1,1
CHEMBL541472,COC(=O)c1cccc(Oc2cccc(-c3c(C)cnc4c(Cl)cccc34)c2)c1,0
CHEMBL522159,CCCCN(Cc1cccc(F)c1O)c1ccc(C(O)(C(F)(F)F)C(F)(F)F)cc1,1
CHEMBL492845,CCCCN(Cc1ccc(O)cc1)c1ccc(C(O)(C(F)(F)F)C(F)(F)F)cc1,1
CHEMBL492844,CCCCN(Cc1cccc(O)c1)c1ccc(C(O)(C(F)(F)F)C(F)(F)F)cc1,1
CHEMBL214546,CCN(c1ccc(C(O)(C(F)(F)F)C(F)(F)F)cc1Cl)C(COc1ccc(CC(=O)O)cc1)c1ccccc1,1
CHEMBL215647,CCN(c1ccc(C(O)(C(F)(F)F)C(F)(F)F)cc1)C(COCc1ccccc1)c1ccccc1,1
CHEMBL253731,O=C(O)Cc1cccc2c(NCc3cccc(-c4ccnc5c(C(F)(F)F)cccc45)c3)cccc12,1
CHEMBL403958,C=CCC(C(=O)O)c1ccc(COc2cccc(-c3ccc(C(F)(F)F)c4ncc(C(=O)c5ccccc5)cc34)c2)cc1,1
CHEMBL253730,CC(C)(C)c1ccc(CC(C(=O)O)c2ccc(COc3cccc(-c4ccc(C(F)(F)F)c5ncc(C(=O)c6ccccc6)cc45)c3)cc2)cc1,1
CHEMBL215445,CCN(c1ccc(C(O)(C(F)(F)F)C(F)(F)F)cc1)C(COCC(=O)O)c1ccccc1,0
CHEMBL385489,CCN(c1ccc(C(O)(C(F)(F)F)C(F)(F)F)cc1)[C@@H](CO)c1ccccc1,0
CHEMBL215327,CCN(c1ccc(C(O)(C(F)(F)F)C(F)(F)F)cc1)C(C(=O)O)c1ccccc1,0
CHEMBL595483,CCS(=O)(=O)c1cccc(Oc2cccc(-n3c(C)nc4c(C(F)(F)F)cccc43)c2)c1,1
CHEMBL594050,Cc1nc2c(C(F)(F)F)cccc2n1-c1cccc(Oc2cccc(S(=O)(=O)C(C)C)c2)c1,1
CHEMBL594984,CCS(=O)(=O)c1cc(F)cc(Oc2cccc(-n3c(C)nc4c(C(F)(F)F)cccc43)c2)c1,1
CHEMBL606143,Cc1nc2c(Cl)cccc2n1-c1cc(Oc2cccc(S(C)(=O)=O)c2)ccc1Cl,1
CHEMBL595915,COc1ccc(CN(C)S(=O)(=O)c2cccc(Oc3cccc(-c4c(C(C)C)nc5c(Cl)cccn45)c3)c2)cc1,1
CHEMBL604797,CC(C)c1nc2c(C(F)(F)F)cccn2c1-c1cccc(Oc2cccc(CS(C)(=O)=O)c2)c1,1
CHEMBL378074,CCCc1c(OCCCN(C)c2cnc(CC(=O)O)cn2)ccc2c(C(F)(F)F)noc12,1
CHEMBL207907,CCCc1c(OCCCn2ccc3cc(CCC(=O)O)ccc32)ccc2c(C(F)(F)F)noc12,1
CHEMBL595482,Cc1nc2ccccc2n1-c1cccc(Oc2cccc(S(C)(=O)=O)c2)c1,1
CHEMBL595011,CS(=O)(=O)c1cccc(Oc2cccc(-n3c(C4CC4)nc4c(C(F)(F)F)cccc43)c2)c1,1
CHEMBL595455,Cc1nc2c(Cl)cccc2n1-c1cc(Oc2cc(F)cc(S(C)(=O)=O)c2)ccc1Cl,1
CHEMBL611467,CC(C)(C)c1nc2c(C(F)(F)F)cccn2c1-c1cccc(Oc2cccc(S(C)(=O)=O)c2)c1,1
CHEMBL611734,CS(=O)(=O)c1cccc(Oc2cccc(-c3c(-c4ccccc4)nc4c(C(F)(F)F)cccn34)c2)c1,1
CHEMBL596157,CC(C)c1nc2c(C#N)cccn2c1-c1cccc(Oc2cccc(S(C)(=O)=O)c2)c1,1
CHEMBL596592,Cc1nc2c(C(F)(F)F)cccc2n1-c1cccc(Oc2cccc(S(=O)(=O)CCCO)c2)c1,1
CHEMBL595222,CS(=O)(=O)c1cccc(Oc2cccc(-n3cnc4c(C(F)(F)F)cccc43)c2)c1,1
CHEMBL605730,CS(=O)(=O)c1cccc(Oc2cccc(-n3c(C(F)(F)F)nc4c(C(F)(F)F)cccc43)c2)c1,1
CHEMBL595248,CC(C)S(=O)(=O)c1cccc(Oc2ccc(Cl)c(-n3cnc4c(C(F)(F)F)cccc43)c2)c1,1
CHEMBL203682,CN(c1ccc(C(O)(C(F)(F)F)C(F)(F)F)cc1)S(=O)(=O)c1ccccc1,1
CHEMBL253312,O=C(O)c1cccc2c(NCc3cccc(-c4c(Cc5ccccc5)cnc5c(C(F)(F)F)cccc45)c3)cccc12,1
CHEMBL253311,O=C(O)Cc1cccc2c(NCc3cccc(-c4c(Cc5ccccc5)cnc5c(C(F)(F)F)cccc45)c3)cccc12,1
CHEMBL404036,CCC#CCC(CC#CCC)(C(=O)O)c1ccc(COc2cccc(-c3ccc(C(F)(F)F)c4ncc(C(=O)c5ccccc5)cc34)c2)cc1,1
CHEMBL2381206,COc1cccc(CN(Cc2cccnc2)Cc2ccc([N+](=O)[O-])s2)c1,0
CHEMBL1961796,CCOC(=O)N1CCC(CN(Cc2ccc(Cl)cc2)Cc2ccc([N+](=O)[O-])s2)C1,0
CHEMBL493242,CCCCN(Cc1cc(Cl)cc(Cl)c1)c1ccc(C(O)(C(F)(F)F)C(F)(F)F)cc1,1
CHEMBL2012762,CN(c1ccc(C(O)(c2cccn2Cc2ccccc2)C(F)(F)F)cc1)S(=O)(=O)c1ccccc1,1
CHEMBL2012764,COCCn1cccc1C(O)(c1ccc(N(C)S(=O)(=O)c2ccccc2)cc1)C(F)(F)F,0
CHEMBL2381210,Clc1ccc(CN(Cc2cccnc2)Cc2cc3ccccc3s2)cc1,0
CHEMBL2381201,Cc1ccc(CN(Cc2cccnc2)Cc2ccc([N+](=O)[O-])s2)cc1,0
CHEMBL595224,CS(=O)(=O)c1cccc(Oc2cccc(-n3c(-c4ccccc4)nc4c(C(F)(F)F)cccc43)c2)c1,1
CHEMBL594063,CC(C)c1nc2c(Cl)cccc2n1-c1cccc(Oc2cccc(S(C)(=O)=O)c2)c1,1
CHEMBL595249,CCS(=O)(=O)c1cccc(Oc2ccc(Cl)c(-n3c(C)nc4c(Cl)cccc43)c2)c1,1
CHEMBL23296,CCCc1c(OCCCSc2ccc(CC(=O)O)cc2Cl)ccc2c(C(F)(F)F)noc12,1
CHEMBL207093,CCCc1c(OCCCN(C(C)=O)c2ccc(CC(=O)O)cc2)ccc2c(C(F)(F)F)noc12,0
CHEMBL210429,CCCc1c(OCCCN(C=O)c2ccc(CC(=O)O)cc2)ccc2c(C(F)(F)F)noc12,0
CHEMBL215108,CCN(Cc1nc(-c2cccc(Cl)c2)oc1C)c1ccc(C(O)(C(F)(F)F)C(F)(F)F)cc1Cl,1
CHEMBL254333,O=C(O)Cc1ccc(COc2cccc(-c3ccc(C(F)(F)F)c4ncc(C(=O)c5ccccc5)cc34)c2)cc1,1
CHEMBL1098402,CS(=O)(=O)c1ccc(-c2cccc(-c3c(Cc4ccccc4)cnc4c(C(F)(F)F)cccc34)c2)cc1,1
CHEMBL1098850,Cc1ccc(-c2cccc(-c3c(C)cnc4c(C(F)(F)F)cccc34)c2)cc1S(C)(=O)=O,1
CHEMBL442437,Cc1cnc2c(C(F)(F)F)cccc2c1-c1cccc(CNc2cccc3c(CC(=O)O)cccc23)c1,1
CHEMBL594176,Cc1cnc2c(C(F)(F)F)cccc2c1-c1cccc(Oc2cc(Cl)cc(S(C)(=O)=O)c2)c1,1
CHEMBL607090,COc1ccc(Oc2cccc(-c3c(C)cnc4c(C(F)(F)F)cccc34)c2)cc1S(C)(=O)=O,1
CHEMBL382789,CCCc1c(OCCCN(C)c2ccc(CC(=O)O)c(C(F)(F)F)c2)ccc2c(C(F)(F)F)noc12,1
CHEMBL207236,CCCc1c(OCCCN(C)c2ccccc2)ccc2c(C(F)(F)F)noc12,1
CHEMBL210973,CCCc1c(OCCCOc2ccc(CC(=O)O)cc2)ccc2c(C(F)(F)F)noc12,1
CHEMBL1097159,Cc1cnc2c(C(F)(F)F)cccc2c1-c1cccc(-c2cc(S(C)(=O)=O)c(F)cc2F)c1,1
CHEMBL1097140,CS(=O)(=O)c1cc(-c2cccc(-c3ccnc4c(C(F)(F)F)cccc34)c2)c(F)cc1F,1
CHEMBL2381202,O=[N+]([O-])c1ccc(CN(Cc2ccc(F)cc2)Cc2cccnc2)s1,0
CHEMBL595782,Cc1cnc2c(Cl)cccc2c1-c1cccc(Oc2cccc(S(C)(=O)=O)c2)c1,1
CHEMBL595045,Cc1cnc2c(C(F)(F)F)cccc2c1-c1cccc(Oc2ccccc2S(C)(=O)=O)c1,1
CHEMBL611466,CC(C)c1nc2c(C(F)(F)F)cccn2c1-c1cccc(Oc2cccc(S(C)(=O)=O)c2)c1,1
CHEMBL596158,CC(C)c1nc2c(C(F)(F)F)cccn2c1-c1cccc(Oc2cccc(S(=O)(=O)C(F)(F)F)c2)c1,1
CHEMBL209563,CCCc1c(OCCCN(C)c2ccc(CC(=O)O)cc2C)ccc2c(C(F)(F)F)noc12,1
CHEMBL210917,CCCc1c(OCCCn2ncc3cc(CC(=O)O)ccc32)ccc2c(C(F)(F)F)noc12,1
CHEMBL210613,CCCc1c(OCCCn2cnc3cc(CC(=O)O)ccc32)ccc2c(C(F)(F)F)noc12,1
CHEMBL383944,CCN(Cc1nc(-c2cccc(C(F)(F)F)c2)oc1C)c1ccc(C(O)(C(F)(F)F)C(F)(F)F)cc1Cl,1
CHEMBL593472,Cc1cnc2c(C(F)(F)F)cccc2c1-c1cccc(Oc2cccc(S(=O)(=O)CCCO)c2)c1,1
CHEMBL595345,Cc1cnc2c(C(F)(F)F)cccc2c1-c1cccc(Oc2cccc(S(=O)(=O)CC(C)C)c2)c1,1
CHEMBL593473,CCS(=O)(=O)c1cccc(Oc2cccc(-c3c(C)cnc4c(C(F)(F)F)cccc34)c2)c1,1
CHEMBL404468,Cc1cc(OCc2cccc(-c3c(Cc4ccccc4)cnc4c(C(F)(F)F)cccc34)c2)c(C)cc1CC(=O)O,1
CHEMBL254945,Cc1cc(CC(=O)O)c(C)cc1COc1cccc(-c2c(Cc3ccccc3)cnc3c(C(F)(F)F)cccc23)c1,1
CHEMBL254335,O=C(c1ccccc1)c1cnc2c(C(F)(F)F)ccc(-c3cccc(OCc4ccc(C(Cc5ccc(-c6ccccc6)cc5)C(=O)O)cc4)c3)c2c1,1
CHEMBL2381208,N#Cc1ccc(CN(Cc2ccc(Cl)cc2)Cc2cccnc2)s1,0
CHEMBL2381199,CC(C)CCN(Cc1ccc(Cl)cc1)Cc1ccc([N+](=O)[O-])s1,0
CHEMBL2381200,O=[N+]([O-])c1ccc(CN(Cc2ccc(Cl)cc2)Cc2cccnc2)s1,0
CHEMBL1097799,CC(C)c1cnc2c(C(F)(F)F)cccc2c1-c1cccc(-c2cccc(S(C)(=O)=O)c2)c1,1
CHEMBL1098831,CCS(=O)(=O)c1cccc(-c2cccc(-c3ccnc4c(C(F)(F)F)cccc34)c2)c1,1
CHEMBL1097158,Cc1cnc2c(C(F)(F)F)cccc2c1-c1cccc(-c2ccc(F)c(S(C)(=O)=O)c2)c1,1
CHEMBL492243,CCCCN(Cc1cc(Cl)cc(Cl)c1O)c1ccc(C(O)(C(F)(F)F)C(F)(F)F)cc1,1
CHEMBL404265,O=C(O)Cc1cccc2c(OCc3cccc(-c4c(Cc5ccccc5)cnc5c(C(F)(F)F)cccc45)c3)cccc12,1
CHEMBL494073,CCCCN(Cc1ccncc1)c1ccc(C(O)(C(F)(F)F)C(F)(F)F)cc1,1
CHEMBL2012768,CCOCCn1cccc1C(c1ccc(N(C)S(=O)(=O)c2ccccc2)cc1)C(F)(F)F,1
CHEMBL595937,CCS(=O)(=O)c1cccc(Oc2cccc(-c3c(C)nc4c(C(F)(F)F)cccn34)c2)c1,1
CHEMBL604701,Cc1nc2c(C(F)(F)F)cccn2c1-c1cccc(Oc2cccc(S(=O)(=O)CCCO)c2)c1,1
CHEMBL612005,CS(=O)(=O)c1cccc(Oc2cccc(-c3c(CN4CCCC4)nc4c(C(F)(F)F)cccn34)c2)c1,1
CHEMBL608531,CS(=O)(=O)c1cccc(Oc2cccc(-c3c(-n4ccnc4)nc4c(C(F)(F)F)cccn34)c2)c1,1
CHEMBL595917,CNS(=O)(=O)c1cccc(Oc2cccc(-c3c(C(C)C)nc4c(Cl)cccn34)c2)c1,1
CHEMBL425099,O=C(c1ccccc1)c1cnc2c(C(F)(F)F)cccc2c1-c1ccccc1,1
CHEMBL269442,CCN(c1ccc(C(O)(C(F)(F)F)C(F)(F)F)cc1Cl)C(COc1ccc(CCC(=O)O)cc1)c1ccccc1,1
CHEMBL386260,CCN(c1ccc(C(O)(C(F)(F)F)C(F)(F)F)cc1Cl)C(COc1ccc(C(=O)O)cc1)c1ccccc1,1
CHEMBL215130,CCN(c1ccc(C(O)(C(F)(F)F)C(F)(F)F)cc1Cl)C(COc1ccc(C(=O)OC)cc1)c1ccccc1,1
CHEMBL1094741,Cc1cnc2c(C(F)(F)F)cccc2c1-c1cccc(-c2cccc(S(C)(=O)=O)c2)c1,1
CHEMBL1098403,CCc1cnc2c(C(F)(F)F)cccc2c1-c1cccc(-c2cccc(S(C)(=O)=O)c2)c1,1
CHEMBL595006,CC(C)c1nc2c(C(F)(F)F)cccn2c1-c1ccc(-c2cccc(S(C)(=O)=O)c2)cc1,1
CHEMBL595012,CC(C)Cc1nc2c(C(F)(F)F)cccc2n1-c1cccc(Oc2cccc(S(C)(=O)=O)c2)c1,1
CHEMBL594062,CS(=O)(=O)c1cccc(Oc2cccc(-n3c(Cc4ccc(F)cc4)nc4c(C(F)(F)F)cccc43)c2)c1,1
CHEMBL596357,Cc1nc2c(C(F)(F)F)cccn2c1-c1cccc(Oc2cccc(S(=O)(=O)C(C)C)c2)c1,1
CHEMBL611465,CCc1nc2c(C(F)(F)F)cccn2c1-c1cccc(Oc2cccc(S(C)(=O)=O)c2)c1,1
CHEMBL604905,CCc1nc2c(C(F)(F)F)cccn2c1-c1cccc(COc2cccc(S(C)(=O)=O)c2)c1,1
CHEMBL214741,CCN(c1ccc(C(O)(C(F)(F)F)C(F)(F)F)cc1Cl)C(CO)c1ccccc1,1
CHEMBL385411,CCN(c1ccc(C(O)(C(F)(F)F)C(F)(F)F)cc1)C(CO)c1ccccc1,0
CHEMBL448111,CCN(CC(O)c1ccccc1)c1ccc(C(O)(C(F)(F)F)C(F)(F)F)cc1,1
CHEMBL214777,OC(c1ccc(N(Cc2ccccc2)CC(F)(F)F)cc1)(C(F)(F)F)C(F)(F)F,1
CHEMBL2012766,COCCn1cccc1C(c1ccc(N(C)S(=O)(=O)c2ccccc2)cc1)C(F)(F)F,1
CHEMBL215598,CCN(c1ccc(C(O)(C(F)(F)F)C(F)(F)F)cc1)C(COC)c1ccccc1,1
CHEMBL215775,CCN(c1ccc(C(O)(C(F)(F)F)C(F)(F)F)cc1)C(C(=O)N(C)C)c1ccccc1,0
CHEMBL215042,Cc1oc(-c2cccc(C(F)(F)F)c2)nc1CN(CC(F)(F)F)c1ccc(C(O)(C(F)(F)F)C(F)(F)F)cc1,1
CHEMBL384246,OC(c1ccc(N(Cc2ccccc2)CC(F)(F)F)c(Cl)c1)(C(F)(F)F)C(F)(F)F,1
CHEMBL215959,CCN(c1ccc(C(O)(C(F)(F)F)C(F)(F)F)cc1Cl)C(COc1ccc(CC(=O)OC)cc1)c1ccccc1,1
CHEMBL215129,CCN(c1ccc(C(O)(C(F)(F)F)C(F)(F)F)cc1)C(COCC(=O)N(C)C)c1ccccc1,1
CHEMBL215154,CCN(c1ccc(C(O)(C(F)(F)F)C(F)(F)F)cc1)C(C(=O)NC)c1ccccc1,0
CHEMBL214275,CCN(Cc1ccncc1)c1ccc(C(O)(C(F)(F)F)C(F)(F)F)cc1,0
CHEMBL3263695,CC(C)CN(Cc1ccc(-c2cccc(S(C)(=O)=O)c2)s1)S(=O)(=O)Cc1ccccc1,0
CHEMBL2381209,Cc1sc(CN(Cc2ccc(Cl)cc2)Cc2cccnc2)cc1Br,0
CHEMBL2381205,COc1ccc(CN(Cc2cccnc2)Cc2ccc([N+](=O)[O-])s2)cc1,0
CHEMBL214727,CCN(Cc1ccccn1)c1ccc(C(O)(C(F)(F)F)C(F)(F)F)cc1,0
CHEMBL2381195,N#Cc1ccc(CN(Cc2cccnc2)Cc2ccccc2F)s1,0
CHEMBL4760304,Cc1ncnc(C2CC2)c1-c1ncc2nc(NCc3ccc(S(C)(=O)=O)cn3)c(=O)n([C@@H](C)C3CC3)c2n1,0
CHEMBL4802042,COc1nc2ccc([C@@](O)(c3ccccc3)C3CCN(C(C)=O)CC3)cc2c(Cl)c1Cc1ccc(-n2cccn2)cc1,0
CHEMBL573603,CC(C(=O)O)c1cccc(OCCCN(Cc2cccc(C(F)(F)F)c2Cl)CC(c2ccccc2)c2ccccc2)c1,1
CHEMBL573677,C[C@H](CCOc1cccc(CC(=O)O)c1)N(Cc1cccc(C(F)(F)F)c1Cl)CC(c1ccccc1)c1ccccc1,1
CHEMBL2326845,CCN(c1ccc(C(O)(C(F)(F)F)C(F)(F)F)cc1)S(=O)(=O)c1ccccc1,1
CHEMBL584567,CCC(CC)(C(=O)O)c1cccc(OCCCN(Cc2cccc(C(F)(F)F)c2Cl)CC(c2ccccc2)c2ccccc2)c1,1
CHEMBL584566,O=C(O)Cc1ccc2cc(CCN(Cc3cccc(C(F)(F)F)c3Cl)CC(c3ccccc3)c3ccccc3)oc2c1,1
CHEMBL573678,O=C(O)Cc1ccc2oc(CCN(Cc3cccc(C(F)(F)F)c3Cl)CC(c3ccccc3)c3ccccc3)cc2c1,1
CHEMBL191419,COc1ccc(NC2=C(c3ccccc3)C(=O)N(C)C2=O)cc1,1
CHEMBL584568,C[C@H](CCOc1cccc(C(C)(C)C(=O)O)c1)N(Cc1cccc(C(F)(F)F)c1Cl)CC(c1ccccc1)c1ccccc1,1
CHEMBL5596248,CCOC(=O)c1cc(Cl)cc(NC(=O)c2sc(Cl)cc2S(=O)(=O)N(C)c2ccc(OCC)c(OC)c2)c1,1
CHEMBL5590706,CCOc1ccc(N(C)S(=O)(=O)c2cc(Cl)sc2C(=O)Nc2cc(Cl)cc(C3OCCO3)c2)cc1OC,0
CHEMBL495197,COC(=O)c1ccc(S(=O)(=O)N(C)c2ccc(NC(=O)C(C)(O)C(F)(F)F)c(Cl)c2)cc1,0
CHEMBL5411199,C[C@@H]1CCCCN1c1cc(-c2ccccc2O)nnc1N,0
CHEMBL62135,COc1ccc(CN(CCCOc2cccc(C(N)=O)c2)CC(c2ccccc2)c2ccccc2)cc1OC,1
CHEMBL189228,COc1ccc(NC2=C(c3ccccc3)C(=O)N(c3ccccc3)C2=O)cc1,1
CHEMBL189532,CCN1C(=O)C(Nc2ccc(Cl)cc2)=C(c2ccccc2)C1=O,1
CHEMBL573591,C[C@@H](CCN(Cc1cccc(C(F)(F)F)c1Cl)CC(c1ccccc1)c1ccccc1)Oc1cccc(CC(=O)O)c1,1
CHEMBL573587,C[C@@H](COc1cccc(CC(=O)O)c1)CN(Cc1cccc(C(F)(F)F)c1Cl)CC(c1ccccc1)c1ccccc1,1
CHEMBL573680,O=C(O)C1CCCc2c(OCCCN(Cc3cccc(C(F)(F)F)c3Cl)CC(c3ccccc3)c3ccccc3)cccc21,1
CHEMBL158781,CN1C(=O)C(Nc2ccccc2)=C(c2ccccc2)C1=O,0
CHEMBL190901,O=C1C(Nc2ccc(Cl)cc2)=C(c2ccccc2)C(=O)N1Cc1ccccc1,1
CHEMBL422904,CC(C)CC[C@@H](O)[C@@H](C)[C@H]1CC[C@H]2[C@@H]3CC=C4C[C@@H](O)CC[C@]4(C)[C@H]3CC[C@]12C,0
CHEMBL522370,C=CCN(c1ccc(NC(=O)C(C)(O)C(F)(F)F)c(Cl)c1)S(=O)(=O)c1ccccc1Cl,1
CHEMBL6062982,CS(=O)(=O)c1cc(N2CCN(Cc3ccc(C(F)(F)F)c(Cl)c3)C(c3ccccc3)C2)ccc1CO,1
CHEMBL495020,CC(O)(C(=O)Nc1ccc(N(CC2CC2)S(=O)(=O)c2ccccc2Cl)cc1Cl)C(F)(F)F,0
CHEMBL521811,COC(=O)CCc1ccc(S(=O)(=O)N(C)c2ccc(NC(=O)C(C)(O)C(F)(F)F)c(Cl)c2)cc1,0
CHEMBL364666,O=C1C(Nc2ccccc2)=C(c2ccccc2)C(=O)N1Cc1ccccc1,1
CHEMBL370285,CCN1C(=O)C(Nc2ccccc2)=C(c2ccccc2)C1=O,1
CHEMBL5747669,CCC(C)OC(=O)N1CCN(c2ccc(F)c(S(C)(=O)=O)c2)CC1c1ccccc1,0
CHEMBL5859923,CS(=O)(=O)c1cccc(N2CCN(Cc3ccc(C(F)(F)F)cc3)[C@@H](c3ccc(F)cc3)C2)c1,0
CHEMBL492798,CN(c1ccc(NC(=O)[C@](C)(O)C(F)(F)F)c(Cl)c1)S(=O)(=O)c1ccccc1,0
CHEMBL521866,Cc1ccc(S(=O)(=O)N(C)c2ccc(NC(=O)[C@](C)(O)C(F)(F)F)c(Cl)c2)cc1,0
CHEMBL523211,CCN(c1ccc(NC(=O)C(C)(O)C(F)(F)F)c(Cl)c1)S(=O)(=O)c1ccccc1Cl,0
CHEMBL6032744,CS(=O)(=O)c1cccc(N2CCN(Cc3ccc(C(F)(F)F)c(F)c3)[C@H](C3CCCCC3)C2)c1,1
CHEMBL573679,CC(C)(C(=O)O)c1cccc(OCCCN(Cc2cccc(C(F)(F)F)c2Cl)CC(c2ccccc2)c2ccccc2)c1,1
CHEMBL573651,C[C@H](CCN(Cc1cccc(C(F)(F)F)c1Cl)CC(c1ccccc1)c1ccccc1)Oc1cccc(CC(=O)O)c1,1
CHEMBL5907077,CS(=O)(=O)c1cc(N2CCN(C[C@H]3CC[C@H](C(F)(F)F)CC3)[C@H](c3ccccc3)C2)ccc1C(N)=O,1
CHEMBL5755374,COC(=O)c1cnc(N2CCN(c3cccc(S(C)(=O)=O)c3)C[C@H]2C(C)C)nc1,1
CHEMBL584364,C[C@@H](CCOc1cccc(CC(=O)O)c1)N(Cc1cccc(C(F)(F)F)c1Cl)CC(c1ccccc1)c1ccccc1,1
CHEMBL5782396,C[C@]1(c2ccccc2)CN(c2cccc(S(C)(=O)=O)c2)CCN1Cc1ccc(C(F)(F)F)c(Cl)c1,1
CHEMBL5997351,CS(=O)(=O)c1cccc(N2CCN(Cc3ccc(C(F)(F)F)cn3)[C@H](c3ccccc3)C2)c1,0
CHEMBL495196,CN(c1ccc(NC(=O)C(C)(O)C(F)(F)F)c(Cl)c1)S(=O)(=O)c1ccc(C#N)cc1,0
CHEMBL6034417,CC(C)(C)OC(=O)N1CCN(c2cccc(S(C)(=O)=O)c2)C[C@@H]1c1ccccc1,0
CHEMBL6056864,CC(C)(C)OC(=O)N1CCN(c2cccc(S(C)(=O)=O)c2)CC1(C)c1ccccc1,0
CHEMBL191263,CCN1C(=O)C(Nc2ccc(OC)cc2)=C(c2ccccc2)C1=O,1
CHEMBL189938,COc1ccc(NC2=C(c3ccccc3)C(=O)N(Cc3ccccc3)C2=O)cc1,1
CHEMBL4217784,O=C1c2c(Cl)c(Cl)c(Cl)c(Cl)c2C(=O)N1c1ccccc1/C=C/c1cccs1,1
CHEMBL5984692,CC(C)(C)OC(=O)N1CCN(c2cccc(S(C)(=O)=O)c2)C[C@H]1Cc1ccccc1,1
CHEMBL5740419,CS(=O)(=O)c1cc(N2CCN(Cc3ccc(C(F)(F)F)nc3)C(c3ccccc3)C2)ccc1F,0
CHEMBL5597291,CCCOc1ccc(N(C)S(=O)(=O)c2cc(Cl)sc2C(=O)Nc2cccc(C(=O)OCC)c2)cc1OCCC,0
CHEMBL5597943,CCOC(=O)c1cccc(NC(=O)c2sc(Cl)cc2S(=O)(=O)N(C)c2ccc(N(C)C)cc2)c1,0
CHEMBL5596815,CCOc1ccc(N(C)S(=O)(=O)c2cc(Cl)sc2C(=O)Nc2cc(Cl)cc(C(=O)OCCOC)c2)cc1OC,0
CHEMBL61528,COc1ccc(CN(CCCOc2cccc(CC(N)=O)c2)CC(c2ccccc2)c2ccccc2)cc1,1
CHEMBL5597982,CCOC(=O)c1cc(F)cc(NC(=O)c2sc(Cl)cc2S(=O)(=O)N(C)c2ccc(OCC)c(OC)c2)c1,1
CHEMBL5598250,CCOC(=O)c1cc(Br)cc(NC(=O)c2sc(Cl)cc2S(=O)(=O)N(C)c2ccc(OCC)c(OC)c2)c1,0
CHEMBL5597028,CCOC(=O)c1cccc(NC(=O)c2sccc2S(=O)(=O)N(C)c2ccc(OCC)c(OCC)c2)c1,0
CHEMBL5597153,CCOc1ccc(N(C)S(=O)(=O)c2cc(Cl)sc2C(=O)Nc2cc(Cl)cc(C(=O)OCCOCCOC)c2)cc1OC,0
CHEMBL5597394,CCOC(=O)c1cccc(NC(=O)c2sc(Cl)cc2S(=O)(=O)N(C)c2ccc(OCC)c(OC)c2)c1,1
CHEMBL5776526,CS(=O)(=O)c1cccc(N2CCN(C[C@@H]3CCN(CC(F)(F)F)C3)[C@H](c3ccccc3)C2)c1,0
CHEMBL5958159,CC(C)C1CCC(C(=O)N2CCN(c3cccc(S(C)(=O)=O)c3)C[C@@H]2c2ccccc2)CC1,0
CHEMBL6027938,CS(=O)(=O)c1cccc(N2CCN(CC3CCN(CC(F)(F)F)CC3)[C@H](c3ccccc3)C2)c1,0
CHEMBL5950395,C[C@@]1(c2ccccc2)CN(c2cccc(S(C)(=O)=O)c2)CCN1Cc1ccc(C(F)(F)F)cc1,0
CHEMBL5920749,CC(C)(C)C1CN(c2ccc(F)c(S(C)(=O)=O)c2)CCN1c1nccc(C(F)(F)F)n1,1
CHEMBL5893374,CC(C)[C@@H]1CN(c2cccc(S(C)(=O)=O)c2)CCN1c1ccc(C(F)(F)F)cn1,1
CHEMBL5846888,CS(=O)(=O)c1cc(N2CCN(C[C@H]3CC[C@@H](C(F)(F)F)CC3)[C@@H](c3ccccc3)C2)ccc1C(N)=O,1
CHEMBL427697,COc1cccc([C@H]2SC(c3ccc(Cl)cc3)=NN2C(=O)c2c(F)cc(F)cc2F)c1OC,1
CHEMBL387997,COc1cccc(C2SC(c3ccc(Cl)cc3)=NN2C(=O)c2c(F)cc(F)cc2F)c1OC,1
CHEMBL5896713,CS(=O)(=O)c1cccc(N2CCN(Cc3ccc(C(F)(F)F)nc3)C(c3ccccc3Br)C2)c1,0
CHEMBL5835950,CS(=O)(=O)c1cccc(N2CCN(C[C@H]3CC[C@@H](C(F)(F)F)CC3)[C@@H](c3ccc(F)cc3)C2)c1,1
CHEMBL6045892,CS(=O)(=O)c1cccc(N2CCN(Cc3ccc(OC(F)(F)F)cc3)[C@H](c3ccccc3)C2)c1,0
CHEMBL6017222,CS(=O)(=O)c1cccc(N2CCN(c3ccc(C(F)(F)F)cn3)[C@@H](c3ccccc3)C2)c1,0
CHEMBL5844599,CS(=O)(=O)c1cccc(N2CCN(Cc3ccc(C(F)(F)F)nc3)[C@H](c3ccccc3Cl)C2)c1,0
CHEMBL5825615,CC(C)[C@@H]1CN(c2cccc(S(C)(=O)=O)c2)CCN1c1ccnc(C(F)(F)F)n1,1
CHEMBL5971022,CC(C)[C@@H]1CN(c2cccc(S(C)(=O)=O)c2)CCN1c1nsc(C(F)(F)F)n1,1
CHEMBL5830833,CS(=O)(=O)c1cccc(N2CCN(Cc3ccc(C(F)(F)F)c(F)c3)[C@@H](c3ccccc3)C2)c1,0
CHEMBL5856097,CS(=O)(=O)c1cccc(N2CCN(C[C@H]3CCN(CC(F)(F)F)C3)[C@H](c3ccccc3)C2)c1,0
CHEMBL5590383,CCOC(=O)c1cccc(NC(=O)c2sc(Cl)cc2S(=O)(=O)N(C)c2ccc(OCC)cc2)c1,0
CHEMBL5598279,CCOC(=O)c1cccc(NC(=O)c2sc(Cl)cc2S(=O)(=O)N(C)c2ccc(OCC)cc2F)c1,0
CHEMBL5596386,CCOC(=O)c1cc(Cl)cc(NC(=O)c2sc(Cl)cc2S(=O)(=O)N(C)c2ccc(OCC)c(OCC)c2)c1,0
CHEMBL5811797,CS(=O)(=O)c1cccc(N2CCN(Cc3ccc(C(F)(F)F)cc3)[C@@H](c3ccccc3)C2)c1,0
CHEMBL5908027,CS(=O)(=O)c1cccc(N2CCN(Cc3cccc(C(F)(F)F)c3)C(c3ccccc3)C2)c1,0
CHEMBL6037910,Cc1cc(CN2CCN(c3cccc(S(C)(=O)=O)c3)CC2(C)c2ccccc2)cnc1C(F)(F)F,1
CHEMBL5772580,CS(=O)(=O)c1cccc(N2CCN(Cc3ccc(C(F)(F)F)nc3)C(c3ccc(F)cc3)C2)c1,0
CHEMBL5406315,CC[C@H]1CCCN1c1cc(-c2ccccc2O)nnc1N,0
CHEMBL5994460,CS(=O)(=O)c1cccc(N2CCN(C(=O)C3CCC(O)(C(F)(F)F)CC3)[C@@H](c3ccccc3)C2)c1,0
CHEMBL5825836,Cc1ccc(CN2CCN(c3cccc(S(C)(=O)=O)c3)CC2c2ccccc2)cn1,0
CHEMBL5922251,CC(C)[C@@H]1CN(c2ccc(C(N)=O)c(S(C)(=O)=O)c2)CCN1c1nccc(C(F)(F)F)n1,1
CHEMBL5849251,CCC(C)[C@@H]1CN(c2cccc(S(C)(=O)=O)c2)CCN1C(=O)OC(C)(C)C,0
CHEMBL6040137,CCC(C)[C@@H]1CN(c2cccc(S(C)(=O)=O)c2)CCN1Cc1ccccc1,1
CHEMBL5797406,COC(=O)c1ccc(N2CCN(C(=O)OC(C)(C)C)[C@@H](c3ccccc3)C2)cc1S(C)(=O)=O,0
CHEMBL5785447,CS(=O)(=O)c1cccc(N2CCN(CC3CCN(CC(F)(F)F)CC3)[C@@H](c3ccccc3)C2)c1,0
CHEMBL5888846,CCC(C)OC(=O)N1CCN(c2cccc(S(C)(=O)=O)c2)C[C@H]1C(C)C,1
CHEMBL5938562,CC(C)[C@@H]1CN(c2ccc(C#N)c(S(C)(=O)=O)c2)CCN1c1ccc(C(F)(F)F)cn1,0
CHEMBL5749982,Cc1nc(N2CCN(c3ccc(F)c(S(C)(=O)=O)c3)C[C@H]2C(C)C)ncc1F,0
CHEMBL5949917,CC(C)OC(=O)N1CCN(c2cccc(S(C)(=O)=O)c2)CC1c1ccccc1,0
CHEMBL6046496,CC(C)[C@@H]1CN(c2cccc(S(C)(=O)=O)c2)CCN1C(=O)OCC(C)(C)C,1
CHEMBL6041525,CC(C)[C@@H]1CN(c2cccc(S(C)(=O)=O)c2)CCN1c1ncccn1,0
CHEMBL5596392,CCCOc1ccc(N(C)S(=O)(=O)c2ccsc2C(=O)Nc2cccc(C(=O)OCC)c2)cc1,0
CHEMBL5798683,Cc1ccccc1[C@@H]1CN(c2cccc(S(C)(=O)=O)c2)CCN1Cc1ccc(C(F)(F)F)nc1,0
CHEMBL404515,Oc1cc(O)c2cc(O)c(-c3ccc(O)c(O)c3)[o+]c2c1,0
CHEMBL6051233,CC(C)[C@@H]1CN(c2ccc(F)c(S(C)(=O)=O)c2Cl)CCN1c1ncc(Cl)c(C2CC2)n1,1
CHEMBL5838420,CC(C)[C@@H]1CN(c2ccc(C#N)c(S(C)(=O)=O)c2)CCN1c1cc(C(F)(F)F)ccn1,0
CHEMBL5945106,CC(C)[C@@H]1CN(c2ccc(-c3ccc(C(F)(F)F)cc3)c(S(C)(=O)=O)c2)CCN1C(=O)OC(C)(C)C,0
CHEMBL5880720,CCC(C)[C@H]1CN(c2cccc(S(C)(=O)=O)c2)CCN1C(=O)OC(C)(C)C,0
CHEMBL5831270,COC(=O)[C@H]1CN(c2cccc(S(C)(=O)=O)c2)CCN1C(=O)OC(C)(C)C,0
CHEMBL5976351,CC(C)[C@@H]1CN(c2ccc(F)c(S(C)(=O)=O)c2)CCN1C(=O)OC(C)(C)C,1
CHEMBL5885366,CC(C)[C@@H]1CN(c2ccc(C(N)=O)c(S(C)(=O)=O)c2)CCN1C(=O)OC(C)(C)C,0
CHEMBL5878727,CC(C)[C@@H]1CN(c2cccc(S(C)(=O)=O)c2)CCN1c1ncc(Cl)cn1,1
CHEMBL5893622,Cc1cc(C)nc(N2CCN(c3cccc(S(C)(=O)=O)c3)C[C@H]2C(C)C)n1,1
CHEMBL5953955,CC(C)[C@@H]1CN(c2ccc(C#N)c(S(C)(=O)=O)c2)CCN1C(=O)OC(C)(C)C,0
CHEMBL5762664,CC(C)[C@@H]1CN(c2ccc(C#N)c(S(C)(=O)=O)c2)CCN1c1cccc(C(F)(F)F)n1,0
CHEMBL5596939,CCOC(=O)c1cc(Cl)cc(NC(=O)c2sc(Cl)cc2S(=O)(=O)N(C)c2ccc(OC)c(OC)c2)c1,0
CHEMBL5598331,CCOc1ccc(N(C)S(=O)(=O)c2cc(Cl)sc2C(=O)Nc2cc(Cl)cc(C(=O)OC)c2)cc1OC,0
CHEMBL5923697,CS(=O)(=O)c1cccc(N2CCN(Cc3ccc(OC(F)F)cc3)[C@H](c3ccccc3)C2)c1,0
CHEMBL6003444,CC(C)(C)OC(=O)N1CCN(c2cccc(S(C)(=O)=O)c2)CC1C1CCCCC1,0
CHEMBL1243244,CC(C)CC[C@H](O)[C@@H](C)[C@H]1CC[C@H]2[C@@H]3CC=C4C[C@@H](O)CC[C@]4(C)[C@H]3CC[C@]12C,1
CHEMBL6041354,CCOC(=O)c1csc(C2CN(c3ccc(F)c(S(C)(=O)=O)c3)CCN2C(=O)OC(C)(C)C)n1,0
CHEMBL6012057,CS(=O)(=O)c1cccc(N2CCN(c3nccc(C(F)(F)F)n3)[C@@H](C(F)(F)F)C2)c1,1
CHEMBL6062585,CCOC(=O)c1ccc(N2CCN(c3ccc(F)c(S(C)(=O)=O)c3)C[C@H]2C(C)C)nc1C(F)(F)F,1
CHEMBL5835538,CCOC(=O)c1cnc(N2CCN(c3ccc(-c4nnc(C)o4)c(S(C)(=O)=O)c3)C[C@H]2C(C)C)nc1C(F)(F)F,0
CHEMBL5795583,CN(C)C(=O)c1cnc(N2CCN(c3cc(F)c(CO)c(S(C)(=O)=O)c3)C[C@H]2c2ccc(F)cc2)nc1C(F)(F)F,0
CHEMBL6065836,CC(C)[C@@H]1CN(c2cccc(S(C)(=O)=O)c2)CCN1c1ccc(C(C)(F)F)cn1,1
CHEMBL5881248,CC(C)[C@@H]1CN(c2ccc(F)c(S(C)(=O)=O)c2)CCN1c1ncc(Br)c(C(F)(F)F)n1,1
CHEMBL3960195,CC(C)[C@@H]1c2nn(-c3cccc(S(C)(=O)=O)c3)cc2CN1c1cc(C(F)(F)F)ncn1,1
CHEMBL6044519,CC(C)[C@@H]1CN(c2ccc(CO)c(S(C)(=O)=O)c2)CCN1c1nc(C(F)(F)F)c(C(N)=O)s1,0
CHEMBL5815720,NS(=O)(=O)c1cccc(N2CCN(C(=O)C3CCC[C@H](C(F)(F)F)C3)[C@@H](c3ccc(F)cc3)C2)c1,1
CHEMBL5810643,CC(C)C1CCC(C(=O)N2CCN(c3ccc(CCO)c(S(C)(=O)=O)c3)C[C@H]2c2ccccc2)CC1,0
CHEMBL5788286,CC1(C)CCC(C(=O)N2CCN(c3ccc(CCO)c(S(C)(=O)=O)c3)C[C@@H]2c2ccccc2)CC1,1
CHEMBL5841823,CC(C)[C@H]1CN(c2ccc(CCO)c(S(C)(=O)=O)c2)CCN1C[C@H]1CCN(CC(F)(F)F)C1,0
CHEMBL5851549,CC(C)[C@@H]1CN(c2ccc(F)c(S(C)(=O)=O)c2)CCN1c1ncc(CNS(C)(=O)=O)c(C(F)(F)F)n1,1
CHEMBL5924012,CS(=O)(=O)c1cc(N2CCN(C[C@H]3CC[C@@H](C(F)(F)F)CC3)[C@H](c3ccccc3Cl)C2)ccc1C(N)=O,0
CHEMBL5856069,CC(C)[C@@H]1CN(c2ccc(F)c(S(C)(=O)=O)c2)CCN1C(=O)OCC(F)(F)F,0
CHEMBL5750788,COC(=O)c1cnc(N2CCN(c3ccc(F)c(S(C)(=O)=O)c3)C[C@H]2C(C)C)nc1,0
CHEMBL5909765,CC([C@@H]1CN(c2cccc(S(C)(=O)=O)c2)CCN1c1nccc(C(F)(F)F)n1)C(F)(F)F,0
CHEMBL5760492,CO[C@]1(C(F)(F)F)CC[C@@H](CN2CCN(c3ccc(CO)c(S(C)(=O)=O)c3)C[C@@H]2C(C)C)CC1,1
CHEMBL5890283,CC(C)[C@H]1CN(c2ccc(CO)c(S(C)(=O)=O)c2)CCN1C[C@H]1CC[C@@H](C(F)(F)F)OC1,1
CHEMBL5789356,Cc1nc(-c2ccc(N3CCN(c4ncc(CO)c(C(F)(F)F)n4)[C@H](C(C)C)C3)cc2S(C)(=O)=O)ns1,0
CHEMBL5766450,CC(C)[C@@H]1CN(c2ccc(F)c(S(C)(=O)=O)c2)CCN1c1nc(C(F)(F)F)c(C(C)(C)O)o1,0
CHEMBL6003594,CC(C)[C@@H]1CN(c2ccc(F)c(S(C)(=O)=O)c2)CCN1c1nc2ccccc2o1,1
CHEMBL5937560,CC(C)[C@@H]1CN(c2ccc(F)c(S(C)(=O)=O)c2)CCN1c1nc2ccccc2s1,1
CHEMBL5761271,CNS(=O)(=O)c1cc(N2CCN(c3ncc(C(=O)OC)c(C(F)(F)F)n3)[C@H](C(C)C)C2)ccc1F,1
CHEMBL5777909,CCOC(=O)c1cnc(N2CCN(c3ccc(CC(=O)OC)c(S(C)(=O)=O)c3)C[C@H]2C(C)C)nc1C(F)(F)F,1
CHEMBL5952968,CCOC(=O)c1cnc(N2CCN(c3ccc(-c4nnc(C)s4)c(S(C)(=O)=O)c3)C[C@H]2C(C)C)nc1C(F)(F)F,1
CHEMBL5883157,CC(C)(O)c1cnc(N2CCN(c3ccc(F)c(S(C)(=O)=O)c3)CC2C(C)(C)C)nc1C(F)(F)F,1
CHEMBL5998449,COCCN(C)Cc1cnc(N2CCN(c3ccc(CO)c(S(C)(=O)=O)c3)C[C@H]2C(C)C)nc1C(F)(F)F,1
CHEMBL5968203,CC(C)[C@@H]1CN(c2ccc(F)c(S(C)(=O)=O)c2)CCN1c1ncc(C(N)=O)c(C(F)(F)F)n1,1
CHEMBL5950299,CCOC(=O)CN(C)C(=O)c1cnc(N2CCN(c3ccc(F)c(S(C)(=O)=O)c3)C[C@H]2C(C)C)nc1C(F)(F)F,0
CHEMBL6012784,CC(C)[C@@H]1CN(c2ccc(F)c(S(C)(=O)=O)c2)CCN1c1ncc(C(=O)N(C)CCCNC(=O)OC(C)(C)C)c(C(F)(F)F)n1,0
CHEMBL6005510,CC(C)[C@@H]1CN(c2ccc(F)c(S(C)(=O)=O)c2)CCN1c1nc(C(F)(F)F)c(C(C)(C)O)s1,1
CHEMBL5809286,CC(C)[C@@H]1CN(c2ccc(F)c(S(C)(=O)=O)c2)CCN1c1ncc(Cc2ccc(OC=O)cc2)c(C(F)(F)F)n1,1
CHEMBL6003725,CC(C)[C@@H]1CN(c2ccc(F)c(S(C)(=O)=O)c2)CCN1c1ncc(C(=O)N(C)CCCO)c(C(F)(F)F)n1,0
CHEMBL6061785,CCN(CCOC)C(=O)c1cnc(N2CCN(c3ccc(F)c(S(C)(=O)=O)c3)C[C@H]2C(C)C)nc1C(F)(F)F,1
CHEMBL5992851,COC(=O)c1ccnc(N2CCN(c3ccc(F)c(S(C)(=O)=O)c3)C[C@H]2C(C)C)n1,1
CHEMBL5964162,CC(C)[C@@H]1CN(c2cccc(S(C)(=O)=O)c2)CCN1c1cc(C(F)(F)F)ccn1,0
CHEMBL3914727,COc1cc(N2Cc3cn(-c4cccc(S(C)(=O)=O)c4)nc3[C@H]2C(C)C)nc(C)n1,1
CHEMBL3976470,COc1cc(N2Cc3cn(-c4cccc(S(C)(=O)=O)c4)nc3[C@H]2C(C)C)cc(C)n1,1
CHEMBL5766747,CC(C)[C@@H]1CN(c2ccc(F)c(S(C)(=O)=O)c2)CCN1c1cncc(C(F)(F)F)c1,1
CHEMBL5912985,CC(C)[C@@H]1CN(C(=O)OCc2ccccc2)CCN1c1ncc(B2OC(C)(C)C(C)(C)O2)c(C(F)(F)F)n1,1
CHEMBL6060973,CC(C)[C@@H]1CN(c2ccc(F)c(S(C)(=O)=O)c2)CCN1c1ncc(C(F)(F)F)c(C#N)n1,1
CHEMBL5833563,COC(c1cnc(N2CCN(c3ccc(F)c(S(C)(=O)=O)c3)C[C@H]2C(C)C)nc1)C(F)(F)F,1
CHEMBL5953290,CC(C)[C@@H]1CN(c2ccc(F)c(S(C)(=O)=O)c2)CCN1c1nc2cccnc2s1,1
CHEMBL6036869,CC(C)[C@H]1CN(c2ccc(CCO)c(S(C)(=O)=O)c2)CCN1CC1CCN(CC(F)(F)F)CC1,1
CHEMBL6057504,CC(C)[C@H]1CN(c2ccc(CO)c(S(C)(=O)=O)c2)CCN1CC1CCC(O)(C(F)(F)F)CC1,1
CHEMBL5958694,CC(C)[C@@H]1CN(c2ccc(-c3nc(C(N)=O)co3)c(S(C)(=O)=O)c2)CCN1c1ncc(CO)c(C(F)(F)F)n1,1
CHEMBL5831560,CC(C)[C@@H]1CN(c2ccc(F)c(S(C)(=O)=O)c2)CCN1c1ncc([C@H](C)O)c(C(F)(F)F)n1,1
CHEMBL5905685,CC[C@@H](O)c1cnc(N2CCN(c3ccc(F)c(S(C)(=O)=O)c3)C[C@H]2C(C)C)nc1C(F)(F)F,1
CHEMBL5819647,CC(C)[C@@H]1CN(c2ccc(CO)c(S(C)(=O)=O)c2)CCN1c1ncc(CN(C)CCCO)c(C(F)(F)F)n1,0
CHEMBL5891989,CC(C)[C@@H]1CN(c2ccc(CN)c(S(C)(=O)=O)c2)CCN1c1nccc(C(F)(F)F)n1,0
CHEMBL5957948,CC(C)[C@@H]1CN(c2ccc(F)c(S(C)(=O)=O)c2)CCN1c1ncc(C(=O)N(C)C2CN(C(=O)OC(C)(C)C)C2)c(C(F)(F)F)n1,1
CHEMBL5932798,CS(=O)(=O)c1cc(N2CCN(C(=O)C3CCC(C(F)(F)F)CC3)[C@H](c3ccccc3)C2)ccc1CCO,0
CHEMBL3814501,CC(C)[C@@H]1CN(c2ccc(F)c(S(C)(=O)=O)c2)CCN1c1ncc(Cl)c(C(F)(F)F)n1,1
CHEMBL3959681,CC(C)[C@@H]1c2nn(-c3cccc(S(C)(=O)=O)c3)cc2CN1c1nccc(C(F)(F)F)n1,1
CHEMBL3985591,Cc1nc(N2Cc3cn(-c4cccc(S(C)(=O)=O)c4)nc3[C@H]2C(C)C)cc(C(F)(F)F)n1,1
CHEMBL3913348,COc1cc(N2Cc3cn(-c4cccc(S(C)(=O)=O)c4)nc3[C@H]2C(C)C)ccn1,1
CHEMBL5919059,CC(C)[C@@H]1CN(c2ccc(F)c(S(C)(=O)=O)c2)CCN1c1ncc(O)c(C(F)(F)F)n1,1
CHEMBL5865144,CC(C)[C@@H]1CN(c2ccc(F)c(S(C)(=O)=O)c2)CCN1c1nccc(OCC(F)(F)F)n1,1
CHEMBL6065042,CS(=O)(=O)c1cc(N2CCN(c3ncc(CO)c(C(F)(F)F)n3)[C@H](c3ccc(F)cc3)C2)ccc1F,0
CHEMBL6007939,CNS(=O)(=O)c1cc(N2CCN(c3ncc(C(C)O)c(C(F)(F)F)n3)[C@H](C(C)C)C2)ccc1F,1
CHEMBL5978582,CC(C)[C@@H]1CN(c2cccc(S(C)(=O)=O)c2)CCN1c1nc(C(F)(F)F)ccc1Cl,1
CHEMBL6004546,CNS(=O)(=O)c1cc(N2CCN(c3ncc(C(C)(C)O)c(C(F)(F)F)n3)[C@H](C(C)C)C2)ccc1F,1
CHEMBL5847166,COC(=O)c1cnc(N2CCN(c3ccc(F)c(S(C)(=O)=O)c3)CC2C(C)(C)C)nc1C(F)(F)F,1
CHEMBL5781007,CS(=O)(=O)c1cccc(N2CCN(C[C@H]3C[C@@H]4[C@H](C3)C4(F)F)[C@@H](c3ccccc3)C2)c1,1
CHEMBL6029180,CS(=O)(=O)c1cccc(N2CCN(C[C@H]3CCC(C(F)(F)F)O3)[C@@H](c3ccc(F)cc3)C2)c1,0
CHEMBL5741558,CC(C)[C@H]1CN(c2ccc(CO)c(S(C)(=O)=O)c2)CCN1C[C@H]1CC[C@H](C(F)(F)F)OC1,1
CHEMBL5783699,CCOC(=O)c1cnc(N2CCN(c3ccc(F)c(S(C)(=O)=O)c3)C[C@H]2C(C)CC)nc1C(F)(F)F,1
CHEMBL5967658,CC(C)[C@H]1CN(c2ccc(CO)c(S(C)(=O)=O)c2)CCN1c1ncc(C(C)(C)O)c(C(F)(F)F)n1,0
CHEMBL3932169,CC(C)[C@@H]1c2nn(-c3cccc(S(C)(=O)=O)c3)cc2CN1c1ncc(CO)c(C(F)(F)F)n1,1
CHEMBL3972392,COc1ncc(F)c(N2Cc3cn(-c4cccc(S(C)(=O)=O)c4)nc3[C@H]2C(C)C)n1,1
CHEMBL3905741,COc1ncnc(N2Cc3cn(-c4cccc(S(C)(=O)=O)c4)nc3[C@H]2C(C)C)c1F,1
CHEMBL5889508,CC(C)[C@@H]1CN(c2ccc(F)c(S(N)(=O)=O)c2)CCN1c1ncc(CO)c(C(F)(F)F)n1,1
CHEMBL5827592,Cc1coc(-c2ccc(N3CCN(c4ncc(CO)c(C(F)(F)F)n4)[C@H](C(C)C)C3)cc2S(C)(=O)=O)n1,0
CHEMBL5968986,Cc1nnc(-c2ccc(N3CCN(c4ncc(CO)c(C(F)(F)F)n4)[C@H](C(C)C)C3)cc2S(C)(=O)=O)o1,0
CHEMBL5921259,CC(C)[C@H]1CN(c2cccc(S(C)(=O)=O)c2)CCN1CC1CCC(C(F)(F)F)N(C)C1,1
CHEMBL5990521,CC1(C)CCC(C(=O)N2CCN(c3ccc(CCO)c(S(C)(=O)=O)c3)C[C@H]2c2ccccc2)CC1,0
CHEMBL5979642,CCCCN(C)C(=O)c1cnc(N2CCN(c3ccc(F)c(S(C)(=O)=O)c3)C[C@H]2C(C)C)nc1C(F)(F)F,1
CHEMBL5756369,CC(C)[C@@H]1CN(c2ccc(CO)c(S(C)(=O)=O)c2)CCN1c1nc(C(F)(F)F)c(C(=O)N(C)C)s1,1
CHEMBL6065424,CC(C)(O)C1CCC(C(=O)N2CCN(c3cccc(S(=O)(=O)F)c3)CC2c2ccccc2)CC1,0
CHEMBL5757049,CS(=O)(=O)c1cc(N2CCN(C[C@@H]3CC[C@H](C(F)(F)F)OC3)[C@@H](c3ccc(F)cc3)C2)ccc1CO,0
CHEMBL5887160,CC(C)[C@@H]1CN(c2ccc(F)c(S(C)(=O)=O)c2)CCN1C(=O)C1CCC(C(F)(F)F)CC1,1
CHEMBL6049682,Cc1nc(N2CCN(c3ccc(F)c(S(C)(=O)=O)c3)C[C@H]2C(C)C)ncc1Br,1
CHEMBL5755652,CC(C)[C@@H]1CN(c2ccc(F)c(S(C)(=O)=O)c2)CCN1c1nc2ccc(F)cc2s1,1
CHEMBL5827770,COC(=O)c1cnc(N2CCN(c3ccc(F)c(S(C)(=O)=O)c3)C[C@H]2C(C)C)nc1C(F)(F)F,1
CHEMBL6036301,CS(=O)(=O)c1cccc(N2CCN(CC3CCC(C(F)(F)F)O3)[C@@H](c3ccc(F)cc3)C2)c1,0
CHEMBL5946806,CC(C)[C@H]1CN(c2ccc(CO)c(S(C)(=O)=O)c2)CCN1Cc1ccc(C(F)(F)F)o1,0
CHEMBL3978980,CC(C)[C@@H]1c2nn(-c3ccc(CO)c(S(C)(=O)=O)c3)cc2CN1c1ncc(CO)c(C(F)(F)F)n1,1
CHEMBL5835249,CC(C)[C@@H]1CN(c2ccc(Cl)c(S(C)(=O)=O)c2)CCN1c1ncc(CO)c(C(F)(F)F)n1,1
CHEMBL5846145,COC(C)[C@H]1CN(c2ccc(CO)c(S(C)(=O)=O)c2)CCN1c1ncc(CO)c(C(F)(F)F)n1,0
CHEMBL5755887,CC(C)[C@@H]1CN(c2ccc(C#N)c(S(C)(=O)=O)c2)CCN1c1ncc([C@H](C)O)c(C(F)(F)F)n1,0
CHEMBL5913445,CC(C)[C@@H]1CN(c2ccc(CO)c(S(C)(=O)=O)c2)CCN1c1ncc(C(N)=O)c(C(F)(F)F)n1,0
CHEMBL5854540,CC(C)[C@@H]1CN(c2cc(S(C)(=O)=O)c(CO)cc2F)CCN1c1ncc(C(N)=O)c(C(F)(F)F)n1,0
CHEMBL5910633,CC(C)[C@@H]1CN(c2ccc(F)c(S(C)(=O)=O)c2)CCN1c1ncc(C(F)(F)F)c(C(C)(C)O)n1,1
CHEMBL6002722,CC(C)c1ccnc(N2CCN(c3cccc(S(C)(=O)=O)c3)C[C@H]2C(C)C)n1,1
CHEMBL5823411,CC(C)[C@@H]1CN(c2ccc(F)c(S(C)(=O)=O)c2)CCN1c1nc2c(F)cccc2s1,1
CHEMBL5967927,NS(=O)(=O)c1cccc(N2CCN(CC3CCN(CC(F)(F)F)CC3)[C@H](c3ccccc3)C2)c1,0
CHEMBL6021738,CC(C)[C@H]1CN(c2ccc(CO)c(S(C)(=O)=O)c2)CCN1C[C@@H]1CC[C@@H](C(F)(F)F)OC1,1
CHEMBL5811563,CC(C)[C@@H]1CN(c2ccc(F)c(S(C)(=O)=O)c2)CCN1c1ccc(C(C)(O)C(F)(F)F)cn1,1
CHEMBL5930456,CC(C)[C@@H]1CN(c2ccc(F)c(S(C)(=O)=O)c2)CCN1c1ncc(Cl)c(C(C)(C)C)n1,1
CHEMBL6052124,CC(C)[C@@H]1CN(c2ccc(CO)c(S(C)(=O)=O)c2)CCN1c1ncc(C(C)(C)O)c(C(F)(F)F)n1,1
CHEMBL6036270,CC(C)[C@@H]1CN(c2ccc(CO)c(S(C)(=O)=O)c2)CCN1c1nc(C(F)(F)F)c(CO)o1,0
CHEMBL5788883,CC(C)[C@@H]1CN(c2cccc(S(C)(=O)=O)c2)CCN1c1cnc(C(F)(F)F)cn1,1
CHEMBL5897034,CC(C)[C@@H]1CN(c2ccc(CO)c(S(C)(=O)=O)c2)CCN1c1nc(C(F)(F)F)c(C(C)(C)O)o1,0
CHEMBL5947879,CS(=O)(=O)c1cccc(N2CCN(c3nccc(C(F)(F)F)n3)[C@H](C(F)(F)F)C2)c1,0
CHEMBL3933543,CC(C)[C@@H]1c2nn(-c3cccc(S(C)(=O)=O)c3)cc2CN1c1ccnc(C(F)(F)F)n1,1
CHEMBL3956923,COc1nc(C)cc(N2Cc3cn(-c4cccc(S(C)(=O)=O)c4)nc3[C@H]2C(C)C)n1,1
CHEMBL3940521,COc1cc(N2Cc3cn(-c4cccc(S(C)(=O)=O)c4)nc3[C@H]2C(C)(C)C)ccn1,1
CHEMBL5883748,CC(C)[C@H]1CN(c2cccc(S(C)(=O)=O)c2)CCN1C(=O)C1CCC(C)(C)CC1,1
CHEMBL5928499,CS(=O)(=O)c1cccc(N2CCN(C[C@H]3CC[C@H](C(F)(F)F)OC3)[C@@H](c3ccc(F)cc3)C2)c1,1
CHEMBL5916723,CC(C)[C@H]1CN(c2cccc(S(C)(=O)=O)c2)CCN1Cc1ccc(C(F)(F)F)nc1,0
CHEMBL5912908,CS(=O)(=O)c1cccc(N2CCN(C[C@@H]3C[C@@H]4[C@H](C3)C4(F)F)[C@@H](c3ccccc3)C2)c1,1
CHEMBL5797436,CC(C)[C@H]1CN(c2cccc(S(C)(=O)=O)c2)CCN1C[C@@H]1CC[C@H](C(F)(F)F)OC1,1
CHEMBL5846648,CC(C)(O)CC1CN(c2ccc(F)c(S(C)(=O)=O)c2)CCN1c1ccc(C(F)(F)F)cn1,0
CHEMBL5749016,CC(C)[C@@H]1CN(c2ccc(-c3nc(C#N)cs3)c(S(C)(=O)=O)c2)CCN1c1ncc(CO)c(C(F)(F)F)n1,1
CHEMBL5841503,CC(C)[C@@H]1CN(c2ccc(F)c(S(C)(=O)=O)c2)CCN1c1ncc(C(=O)N(C)C)c(C(F)(F)F)n1,0
CHEMBL5785670,CC(C)[C@@H]1CN(c2ccc(F)c(S(C)(=O)=O)c2)CCN1c1ncc(CN2CC(F)C2)c(C(F)(F)F)n1,1
CHEMBL5931597,CS(=O)(=O)c1cccc(N2CCN(C[C@H]3CC[C@]4(CC3)CC4(F)F)[C@@H](c3ccccc3)C2)c1,1
CHEMBL5986424,COCCc1ccc(N2CCN(C(=O)C3CCC(C(F)(F)F)CC3)[C@@H](c3ccccc3)C2)cc1S(C)(=O)=O,0
CHEMBL5865420,CS(=O)(=O)c1cccc(N2CCN(CC3(F)CCN(CC(F)(F)F)CC3)[C@@H](c3ccccc3)C2)c1,0
CHEMBL5956490,Cc1ccc(N2CCN(c3cccc(S(C)(=O)=O)c3)C[C@H]2C(C)C)nc1C1CC1,1
CHEMBL5799305,CC(C)[C@@H]1CN(c2cccc(S(C)(=O)=O)c2)CCN1c1ccc(C(F)(F)F)c(C2CC2)n1,1
CHEMBL5774388,CC(C)[C@@H]1CN(c2ccc(F)c(S(C)(=O)=O)c2)CCN1c1ncc(C(O)C(F)(F)F)cn1,0
CHEMBL6001011,CC(=O)NCc1ccc(N2CCN(c3nccc(C(F)(F)F)n3)[C@H](C(C)C)C2)cc1S(C)(=O)=O,1
CHEMBL5923018,NS(=O)(=O)c1cccc(N2CCN(CC3CCN(CC(F)(F)F)CC3)[C@@H](c3ccccc3)C2)c1,0
CHEMBL5750704,CC(C)[C@@H]1CN(c2ccc(F)c(S(C)(=O)=O)c2)CCN1c1ncc(C(F)(F)F)c(C(N)=O)n1,0
CHEMBL5831300,CC(C)[C@H]1CN(c2ccc(CO)c(S(C)(=O)=O)c2)CCN1Cc1ccc(C(F)(F)F)cc1,1
CHEMBL5889662,CC(C)[C@@H]1CN(c2cccc(S(C)(=O)=O)c2)CCN1C(=O)C1CCC(C)(O)CC1,1
CHEMBL6060902,CCOC(=O)c1cnc(N2CCN(c3ccc(-c4ncon4)c(S(C)(=O)=O)c3)C[C@H]2C(C)C)nc1C(F)(F)F,0
CHEMBL6054633,CCOC(=O)c1cnc(N2CCN(c3ccc(F)c(S(C)(=O)=O)c3)C[C@H]2C(C)C)nc1C,1
CHEMBL5812014,CCOC(=O)c1cnc(N2CCN(c3cccc(S(C)(=O)=O)c3)C[C@H]2c2nc(C)cs2)nc1C(F)(F)F,0
CHEMBL5748938,CCOC(=O)c1cnc(N2CCN(c3ccc(-c4nc(C(N)=O)co4)c(S(C)(=O)=O)c3)C[C@H]2C(C)C)nc1C(F)(F)F,1
CHEMBL5886303,CO[C@]1(C(F)(F)F)CC[C@H](CN2CCN(c3ccc(CO)c(S(C)(=O)=O)c3)C[C@@H]2C(C)C)CC1,1
CHEMBL5815354,CC(C)[C@@H]1CN(c2ccc(F)c(S(N)(=O)=O)c2)CCN1c1ncc(C(C)(C)O)c(C(F)(F)F)n1,1
CHEMBL5817187,CC(C)[C@@H]1CN(c2ccc(F)c(S(C)(=O)=O)c2)CCN1C(=O)OC1CC(F)(F)C1(F)F,1
CHEMBL5827311,CS(=O)(=O)c1cccc(N2CCN(C[C@H]3CC[C@@]4(CC3)CC4(F)F)[C@@H](c3ccccc3)C2)c1,1
CHEMBL5826892,CC(C)[C@@H]1CN(c2ccc(F)c(S(C)(=O)=O)c2)CCN1c1ncc(C(F)(F)F)cc1[N+](=O)[O-],1
CHEMBL5834545,CC(C)[C@@H]1CN(c2ccc(F)c(S(C)(=O)=O)c2)CCN1c1ncc([C@@H](C)O)c(C(F)(F)F)n1,1
CHEMBL6042708,CNC(=O)c1cnc(N2CCN(c3ccc(F)c(S(C)(=O)=O)c3)C[C@H]2C(C)C)nc1C(F)(F)F,0
CHEMBL5872249,CC(C)[C@@H]1CN(c2cccc(S(C)(=O)=O)c2)CCN1c1ncc(OC(F)F)cn1,1
CHEMBL5923321,CC([C@H]1CN(c2cccc(S(C)(=O)=O)c2)CCN1c1nccc(C(F)(F)F)n1)C(F)(F)F,1
CHEMBL5943248,CC(C)[C@@H]1CN(c2ccc(F)c(S(C)(=O)=O)c2)CCN1c1cncc(C(F)(F)F)n1,1
CHEMBL5873789,CC(C)[C@@H]1CN(c2ccc(F)c(S(C)(=O)=O)c2)CCN1c1nccc(C(N)=O)n1,0
CHEMBL5986982,CS(=O)(=O)c1cc(N2CCN(C[C@H]3CC[C@@H](C(F)(F)F)CC3)[C@@H](c3ccccc3Cl)C2)ccc1C(N)=O,1
CHEMBL5790563,CC(C)[C@H]1CN(c2cccc(S(C)(=O)=O)c2)CCN1C[C@H]1CC[C@H](C(F)(F)F)OC1,1
CHEMBL6007155,CC(C)[C@@H]1CN(c2ccc(F)c(S(C)(=O)=O)c2)CCN1c1ccnc(OC(F)F)c1,1
CHEMBL5957453,CC(C)[C@@H]1CN(c2ccc(CO)c(S(C)(=O)=O)c2)CCN1c1nc(C(F)(F)F)c(CO)s1,1
CHEMBL5891542,C[C@H](O)c1cnc(N2CCN(c3ccc(F)c(S(C)(=O)=O)c3)C[C@H]2c2ccc(F)cc2)nc1C(F)(F)F,1
CHEMBL5764696,CC(=O)NCc1cnc(N2CCN(c3ccc(F)c(S(C)(=O)=O)c3)C[C@H]2C(C)C)nc1C(F)(F)F,1
CHEMBL6059947,CC(C)Cc1cc(C(F)(F)F)nc(N2CCN(c3ccc(F)c(S(C)(=O)=O)c3)C[C@H]2C(C)C)n1,0
CHEMBL5900372,CC(C)[C@@H]1CN(c2cc(F)c(CO)c(S(C)(=O)=O)c2)CCN1c1ncc(C(N)=O)c(C(F)(F)F)n1,1
CHEMBL5833890,CC(C)C1CCC(C(=O)N2CCN(c3ccc(CCO)c(S(C)(=O)=O)c3)C[C@@H]2c2ccccc2)CC1,1
CHEMBL5740735,CS(=O)(=O)c1cccc(N2CCN(CC3CCN(CC(F)(F)F)CC3)[C@@H](c3ccccc3Cl)C2)c1,1
CHEMBL5926576,CC(C)(O)c1cc(CN2CCN(c3cccc(S(C)(=O)=O)c3)C[C@H]2c2ccccc2)ccc1C(F)(F)F,0
CHEMBL5905587,CC(C)[C@@H]1CN(c2cc(F)c(CO)c(S(C)(=O)=O)c2)CCN1c1ncc(CO)c(C(F)(F)F)n1,1
CHEMBL5995537,CC(C)[C@@H]1CN(c2ccc(CO)c(S(C)(=O)=O)c2)CCN1c1ccc(C(F)(F)F)nc1,1
CHEMBL5771015,CC(C)[C@@H]1CN(c2ccc(F)c(S(C)(=O)=O)c2)CCN1c1ncc(Cc2ccc(C(C)(C)O)cc2)c(C(F)(F)F)n1,1
CHEMBL6023469,CC(C)(F)CC1CN(c2ccc(F)c(S(C)(=O)=O)c2)CCN1c1ccc(C(F)(F)F)cn1,1
CHEMBL5956758,Cc1nc(N2CCN(c3cccc(S(C)(=O)=O)c3)C[C@H]2C(C)C)ccc1C(F)(F)F,1
CHEMBL6052015,Cc1cc(C(F)(F)F)nc(N2CCN(c3ccc(F)c(S(C)(=O)=O)c3)C[C@H]2C(C)C)n1,1
CHEMBL5818019,Cc1cnc(N2CCN(c3cccc(S(C)(=O)=O)c3)C[C@H]2C(C)C)cn1,0
CHEMBL5840752,CC(C)[C@@H]1CN(c2ccc(F)c(S(C)(=O)=O)c2)CCN1c1nc2cnccc2s1,0
CHEMBL5955840,CCOC(=O)c1nc(N2CCN(c3ccc(F)c(S(C)(=O)=O)c3)C[C@H]2C(C)C)ncc1CC,1
CHEMBL5977755,CC(C)[C@@H]1CN(c2ccc(F)c(S(C)(=O)=O)c2)CCN1c1nccc(C#N)n1,1
CHEMBL6043167,CC(C)[C@@H]1CN(c2ccc(CCO)c(S(C)(=O)=O)c2)CCN1c1ncc(C(C)(C)C#N)c(C(F)(F)F)n1,1
CHEMBL5923792,CC(C)[C@@H]1CN(c2ccc(F)c(S(C)(=O)=O)c2)CCN1C(=O)OC(C)(C)C(F)(F)F,1
CHEMBL5921237,CC(C)[C@H]1CN(c2cccc(S(C)(=O)=O)c2)CCN1C[C@@H]1CC[C@@H](C(F)(F)F)OC1,1
CHEMBL5741834,CS(=O)(=O)c1cc(N2CCN(C(=O)C3CCC(C(F)(F)F)CC3)[C@@H](c3ccccc3)C2)ccc1CCO,1
CHEMBL5937058,CC(C)[C@@H]1CN(c2ccc(F)c(S(C)(=O)=O)c2)CCN1c1nc2ncccc2s1,1
CHEMBL5868890,CC(C)[C@@H]1CN(c2ccc(F)c(S(C)(=O)=O)c2)CCN1C(=O)OC(C)C(F)(F)F,1
CHEMBL5988232,CC(C)[C@@H]1CN(c2cccc(S(C)(=O)=O)c2)CCN1c1cnc(C2CC2)cn1,0
CHEMBL5740784,CC(C)[C@@H]1CN(c2ccc(F)c(S(C)(=O)=O)c2)CCN1c1ncc(C(=O)O)c(C(F)(F)F)n1,0
CHEMBL6046122,Cc1ccc(C2CC2)nc1N1CCN(c2cccc(S(C)(=O)=O)c2)C[C@H]1C(C)C,1
CHEMBL5886462,CC(C)[C@@H]1CN(c2cccc(S(C)(=O)=O)c2)CCN1c1nccc(OC(F)F)n1,1
CHEMBL5889728,CC(C)[C@@H]1CN(c2ccc(C#N)c(S(C)(=O)=O)c2)CCN1c1ncc([C@@H](C)O)c(C(F)(F)F)n1,0
CHEMBL5815930,CC(C)[C@@H]1CN(c2ccc(F)c(S(C)(=O)=O)c2)CCN1c1ncc(C(F)(F)F)cc1N,1
CHEMBL6059514,CC[C@H](O)c1cnc(N2CCN(c3ccc(F)c(S(C)(=O)=O)c3)C[C@H]2C(C)C)nc1C(F)(F)F,1
CHEMBL5903251,COCCCN(C)C(=O)c1cnc(N2CCN(c3ccc(F)c(S(C)(=O)=O)c3)C[C@H]2C(C)C)nc1C(F)(F)F,0
CHEMBL5784119,CC(C)[C@H]1CN(c2ccc(CO)c(S(C)(=O)=O)c2)CCN1Cc1ccc(C(F)(F)F)c(Cl)c1,1
CHEMBL5819039,CC(C)[C@H]1CN(c2cccc(S(C)(=O)=O)c2)CCN1CC1CCC(C)(C)OC1,0
CHEMBL5897583,CC1(C)CCC(O)(CN2CCN(c3cccc(S(C)(=O)=O)c3)C[C@@H]2c2ccccc2)CC1,1
CHEMBL5884663,CC1(C)CCC(O)(CN2CCN(c3cccc(S(C)(=O)=O)c3)C[C@H]2c2ccccc2)CC1,0
CHEMBL217704,COC(=O)c1ccc(COc2cccc(-c3c(C(=O)c4ccccc4)cnc4c(C(F)(F)F)cccc34)c2)cc1,0
CHEMBL1093259,Cc1nc2c(C(F)(F)F)cccc2nc1-c1cccc(-c2ccc(S(C)(=O)=O)cc2)c1,0
CHEMBL1093260,CCS(=O)(=O)c1cccc(-c2ccc(-c3nc4cccc(C(F)(F)F)c4nc3C)cc2)c1,0
CHEMBL1089900,Cc1nc2c(C(F)(F)F)cccc2nc1-c1ccc(-c2ccc(S(C)(=O)=O)cc2)cc1,0
CHEMBL1093258,Cc1nc2c(C(F)(F)F)cccc2nc1-c1cccc(-c2cccc(S(C)(=O)=O)c2)c1,0
CHEMBL606044,CC(C)c1nc2c(C(F)(F)F)cccn2c1-c1cccc(OCc2ccc(S(C)(=O)=O)cc2)c1,0
CHEMBL2381213,Clc1ccc(CN(Cc2cccnc2)Cc2ncc[nH]2)cc1,0
CHEMBL2381197,O=[N+]([O-])c1ccc(CN(Cc2ccccc2)Cc2ccc(Cl)cc2)s1,0
CHEMBL1089901,Cc1nc2c(C(F)(F)F)cccc2nc1-c1ccc(-c2ccccc2S(C)(=O)=O)cc1,0
CHEMBL1090916,CNS(=O)(=O)c1cccc(-c2ccc(-c3nc4cccc(C(F)(F)F)c4nc3C)cc2)c1,0
CHEMBL1095715,CS(=O)(=O)c1ccc(-c2cccc(-c3ccnc4c(C(F)(F)F)cccc34)c2)cc1,0
CHEMBL1093915,Cc1nc2c(C#N)cccc2nc1-c1ccc(-c2cccc(S(C)(=O)=O)c2)cc1,0
CHEMBL4458283,Cc1cccc(S(=O)(=O)[C@@]23CCN(C(=O)[C@H]4CC[C@H](C(=O)O)CC4)[C@@H]2CCc2cc(C(F)(C(F)(F)F)C(F)(F)F)ccc23)c1,0
CHEMBL4447458,O=C(O)[C@H]1CC[C@H](C(=O)N2CC[C@@]3(S(=O)(=O)c4ccccc4)c4ccc(C(F)(C(F)(F)F)C(F)(F)F)cc4CC[C@@H]23)CC1,0
CHEMBL4540244,CC(=O)N1CCC(C(=O)N2CC[C@@]3(S(=O)(=O)c4ccc(F)cc4)c4ccc(C(F)(C(F)(F)F)C(F)(F)F)cc4CC[C@@H]23)CC1,0
CHEMBL2012763,COC(c1ccc(N(C)S(=O)(=O)c2ccccc2)cc1)(c1cccn1Cc1ccccc1)C(F)(F)F,0
CHEMBL595007,CC(C)c1nc2c(C(F)(F)F)cccn2c1-c1ccc(-c2ccc(S(C)(=O)=O)cc2)cc1,0
CHEMBL595119,COC(=O)c1ccc(Oc2cccc(-c3c(C)cnc4c(C(F)(F)F)cccc34)c2)cc1,0
CHEMBL1093916,COc1cccc2nc(-c3ccc(-c4cccc(S(C)(=O)=O)c4)cc3)c(C)nc12,0
CHEMBL4462790,Cc1ccc(S(=O)(=O)[C@@]23CCN(C(=O)[C@H]4CC[C@H](C(=O)O)CC4)[C@@H]2CCc2cc(C(F)(C(F)(F)F)C(F)(F)F)ccc23)cc1,0
CHEMBL4555822,O=C(O)[C@H]1CC[C@H](C(=O)N2CC[C@@]3(S(=O)(=O)c4cccc(F)c4)c4ccc(C(F)(C(F)(F)F)C(F)(F)F)cc4CC[C@@H]23)CC1,0
CHEMBL4452650,O=C(O)[C@H]1CC[C@H](C(=O)N2CC[C@@]3(S(=O)(=O)Cc4ccccc4)c4ccc(C(F)(C(F)(F)F)C(F)(F)F)cc4CC[C@@H]23)CC1,0
CHEMBL4469783,O=C(O)[C@H]1CC[C@](O)(C(=O)N2CC[C@@]3(S(=O)(=O)c4ccc(F)cc4)c4ccc(C(F)(C(F)(F)F)C(F)(F)F)cc4CC[C@@H]23)CC1,0
CHEMBL4589100,C[C@]1(C(=O)N2CC[C@@]3(S(=O)(=O)c4ccc(F)cc4)c4ccc(C(F)(C(F)(F)F)C(F)(F)F)cc4CC[C@@H]23)CC[C@H](C(=O)O)CC1,0
CHEMBL4464711,O=C(O)[C@H]1CC[C@H](C(=O)N2CC[C@@]3(S(=O)(=O)c4ccc(F)cc4)c4ccc(C(F)(C(F)(F)F)C(F)(F)F)cc4NC[C@@H]23)CC1,0
CHEMBL4527625,O=C(O)[C@H]1CC[C@H](C(=O)N2CC[C@@]3(S(=O)(=O)c4ccc(F)cc4)c4ccc(C(F)(C(F)(F)F)C(F)(F)F)cc4OC[C@@H]23)CC1,0
CHEMBL4436417,O=C(N1CC[C@@]2(S(=O)(=O)c3ccc(F)cc3)c3ccc(C(F)(C(F)(F)F)C(F)(F)F)cc3NC[C@@H]12)C1(O)CCS(=O)(=O)CC1,0
CHEMBL4475601,O=C(O)[C@H]1CC[C@H](C(=O)N2CC[C@@]3(S(=O)(=O)c4cccc(Cl)c4)c4ccc(C(F)(C(F)(F)F)C(F)(F)F)cc4CC[C@@H]23)CC1,0
CHEMBL1093532,Cc1nc2c(C(F)(F)F)cccc2nc1-c1ccc(-c2cccc(S(C)(=O)=O)c2)cc1,0
CHEMBL1089231,CNC(=O)c1cccc(-c2ccc(-c3nc4cccc(C(F)(F)F)c4nc3C)cc2)c1,0
CHEMBL1089233,CS(=O)(=O)c1cccc(-c2ccc(-c3cnc4c(C(F)(F)F)cccc4n3)cc2)c1,0
CHEMBL2380321,COc1ccc(CN(Cc2cccnc2)Cc2ccc(C#N)s2)cc1,0
CHEMBL4435992,O=C(C1CCS(=O)(=O)CC1)N1CC[C@@]2(S(=O)(=O)c3ccc(F)cc3)c3ccc(C(F)(C(F)(F)F)C(F)(F)F)cc3CC[C@@H]12,0
CHEMBL4457990,CCCN1C[C@H]2N(C(=O)[C@H]3CC[C@H](C(=O)O)CC3)CC[C@@]2(S(=O)(=O)c2ccc(F)cc2)c2ccc(C(F)(C(F)(F)F)C(F)(F)F)cc21,0
CHEMBL4525527,O=C(O)[C@H]1CC[C@H](C(=O)N2CC[C@@]3(S(=O)(=O)c4ccc(Cl)cc4)c4ccc(C(F)(C(F)(F)F)C(F)(F)F)cc4CC[C@@H]23)CC1,0
CHEMBL1094742,Cc1cnc2c(C(F)(F)F)cccc2c1-c1cccc(-c2ccc(S(C)(=O)=O)cc2)c1,0
CHEMBL1099133,COc1ccc(-c2cccc(-c3c(C)cnc4c(C(F)(F)F)cccc34)c2)cc1S(C)(=O)=O,0
CHEMBL4527998,O=C(O)C12CCC(C(=O)N3CC[C@@]4(S(=O)(=O)c5ccc(F)cc5)c5ccc(C(F)(C(F)(F)F)C(F)(F)F)cc5CC[C@@H]34)(CC1)CC2,0
CHEMBL4583876,O=C(O)[C@H]1CC[C@](F)(C(=O)N2CC[C@@]3(S(=O)(=O)c4ccc(F)cc4)c4ccc(C(F)(C(F)(F)F)C(F)(F)F)cc4CC[C@@H]23)CC1,0
CHEMBL4446213,C[C@]1(C(=O)O)CC[C@H](C(=O)N2CC[C@@]3(S(=O)(=O)c4ccc(F)cc4)c4ccc(C(F)(C(F)(F)F)C(F)(F)F)cc4CC[C@@H]23)CC1,0
CHEMBL604703,CN(C)Cc1nc2c(C(F)(F)F)cccn2c1-c1cccc(-c2cccc(S(C)(=O)=O)c2)c1,0
CHEMBL594884,COC(=O)c1cccc(Oc2cccc(-c3c(C)cnc4c(C(F)(F)F)cccc34)c2)c1,0
CHEMBL4445959,O=C(O)[C@H]1CC[C@H](C(=O)N2CC[C@@]3(S(=O)(=O)c4ccc(F)cc4)c4ccc(C(F)(C(F)(F)F)C(F)(F)F)cc4CC[C@@H]23)CC1,0
CHEMBL4527982,CCN1C[C@H]2N(C(=O)[C@H]3CC[C@H](C(=O)O)CC3)CC[C@@]2(S(=O)(=O)c2ccc(F)cc2)c2ccc(C(F)(C(F)(F)F)C(F)(F)F)cc21,0
CHEMBL4578712,O=C(N1CC[C@@]2(S(=O)(=O)c3ccc(F)cc3)c3ccc(C(F)(C(F)(F)F)C(F)(F)F)cc3OC[C@@H]12)C1(O)CCS(=O)(=O)CC1,0
CHEMBL4465091,O=C(O)[C@H]1CC[C@@H](C(=O)N2CC[C@@]3(S(=O)(=O)c4ccc(F)cc4)c4ccc(C(F)(C(F)(F)F)C(F)(F)F)cc4CC[C@@H]23)CC1,0
CHEMBL4579028,CN1C[C@H]2N(C(=O)[C@H]3CC[C@H](C(=O)O)CC3)CC[C@@]2(S(=O)(=O)c2ccc(F)cc2)c2ccc(C(F)(C(F)(F)F)C(F)(F)F)cc21,0
CHEMBL4566371,CN1C[C@H]2N(C(=O)C3(O)CCS(=O)(=O)CC3)CC[C@@]2(S(=O)(=O)c2ccc(F)cc2)c2ccc(C(F)(C(F)(F)F)C(F)(F)F)cc21,0
CHEMBL3414623,Cc1cn(CCN2CCN(c3ccccc3-c3cc(C#N)cc(C(=O)NCCCN4CCCC4)c3)CC2)c2ccccc12,0
CHEMBL4518194,O=C(O)C12CC(C(=O)N3CC[C@@]4(S(=O)(=O)c5ccc(F)cc5)c5ccc(C(F)(C(F)(F)F)C(F)(F)F)cc5CC[C@@H]34)(C1)C2,0
CHEMBL522668,CN(c1ccc(NC(=O)C(C)(O)C(F)(F)F)c(Cl)c1)S(=O)(=O)c1ccc(C(=O)O)cc1,0
CHEMBL492563,CN(c1ccc(NC(=O)C(C)(O)C(F)(F)F)c(Cl)c1)S(=O)(=O)c1ccc(CCC(=O)O)cc1,0
CHEMBL5590617,CCOC(=O)c1cccc(NC(=O)c2sccc2S(=O)(=O)N(C)c2ccc(OCC)cc2)c1,0
CHEMBL494843,CC(O)(C(=O)Nc1ccc(N(Cc2ccccc2)S(=O)(=O)c2ccccc2Cl)cc1Cl)C(F)(F)F,0
CHEMBL4760466,C[C@@](O)(CS(C)(=O)=O)C(=O)N[C@@H]1CC[C@@]2(S(=O)(=O)c3ccc(F)cc3)c3ccc(C(F)(C(F)(F)F)C(F)(F)F)nc3CC[C@@H]12,0
CHEMBL6003160,C[C@]1(c2ccccc2)CN(c2cccc(S(C)(=O)=O)c2)CCN1Cc1ccc(C(F)(F)F)cc1,0
CHEMBL4763134,C[C@H]1C[C@H](C(=O)O)CC[C@H]1C(=O)N1CC[C@@]2(S(=O)(=O)c3ccccc3)c3cc(F)c(C(F)(C(F)(F)F)C(F)(F)F)cc3CC[C@@H]12,0
CHEMBL6045456,CC(C)(C)OC(=O)N1CCN(c2cccc(S(C)(=O)=O)c2)C[C@H]1C(C)(C)O,0
CHEMBL5964411,CC(C)(O)c1ccc(CN2CCN(c3cccc(S(C)(=O)=O)c3)C[C@H]2c2ccccc2)cc1,0
CHEMBL6004896,Cc1ccc(CN2CCN(c3cccc(S(C)(=O)=O)c3)C[C@H]2c2ccccc2)cc1,0
CHEMBL5177096,Nc1nnc(-c2ccccc2O)cc1-c1ccccc1,0
CHEMBL4634542,C[C@H]1C[C@H](C(=O)O)CC[C@H]1C(=O)N1CC[C@@]2(S(=O)(=O)c3ccc(F)cc3)c3ccc(C(F)(C(F)(F)F)C(F)(F)F)cc3CC[C@@H]12,0
CHEMBL5415396,CC(C)[C@H]1CCCN1c1cc(-c2ccco2)nnc1N,0
CHEMBL5431862,Nc1nnc(-c2ccccc2O)cc1N1CCC[C@@H]1C1CC1,0
CHEMBL5441040,CC[C@H]1CCCN1c1cc(-c2ccco2)nnc1N,0
CHEMBL5596811,CCOc1ccc(N(C)S(=O)(=O)c2cc(Cl)sc2C(=O)Nc2cccc(C(=O)OCCOCCOC)c2)cc1OCC,0
CHEMBL4782326,CC(C)(O)CN1C(=O)[C@H](F)C[C@H]1C(=O)N1CC[C@@]2(S(=O)(=O)c3ccc(F)cc3)c3ccc(C(F)(C(F)(F)F)C(F)(F)F)cc3CC[C@@H]12,0
CHEMBL5596520,CCOc1ccc(N(C)S(=O)(=O)c2cc(Cl)sc2C(=O)Nc2cccc(S(C)(=O)=O)c2)cc1OCC,0
CHEMBL5596592,CCOC(=O)c1cc(N)cc(NC(=O)c2sc(Cl)cc2S(=O)(=O)N(C)c2ccc(OCC)c(OCC)c2)c1,0
CHEMBL5428009,C[C@H]1CCCCN1c1cc(-c2ccccc2O)nnc1N,0
CHEMBL5425250,C[C@@H]1CCCN1c1cc(-c2ccccc2O)nnc1N,0
CHEMBL5431005,C[C@@H]1CCCN1c1cc(-c2ccco2)nnc1N,0
CHEMBL5807453,CS(=O)(=O)c1cc(N2CCN(Cc3ccc(C(F)(F)F)nc3)C(c3ccccc3)C2)ccc1C(N)=O,0
CHEMBL3752911,O=C(/C=C/N1C[C@H]2C[C@@H]1CN2c1ccccn1)c1ccccc1O,0
CHEMBL5207330,CC(=O)N1CCN(c2cc(-c3ccccc3O)nnc2N)C[C@H]1C,0
CHEMBL5898003,CS(=O)(=O)c1cccc(N2CCN(Cc3ccccc3C(F)(F)F)C(c3ccccc3)C2)c1,0
CHEMBL5947992,C[C@@]1(c2ccccc2)CN(c2cccc(S(C)(=O)=O)c2)CCN1Cc1ccc(C(F)(F)F)c(Cl)c1,0
CHEMBL5857221,CS(=O)(=O)c1cccc(N2CCN(Cc3cccnc3)C(c3ccccc3)C2)c1,0
CHEMBL5424811,Nc1nnc(-c2ccccc2O)cc1N1CCCCC1,0
CHEMBL5598324,CCOc1ccc(N(C)S(=O)(=O)c2ccsc2C(=O)Nc2cccc(C(=O)OC)c2)cc1,0
CHEMBL5597106,CCOc1cccc(N(C)S(=O)(=O)c2ccsc2C(=O)Nc2cccc(C(=O)OC)c2)c1,0
CHEMBL5824043,CC(C)(C)OC(=O)N1CCN(c2cccc(S(C)(=O)=O)c2)CC1c1ccccc1Br,0
CHEMBL5597319,CCOc1ccc(N(C)S(=O)(=O)c2cc(Cl)sc2C(=O)Nc2cccc(C(=O)OCCOC)c2)cc1OCC,0
CHEMBL5415064,Nc1nnc(-c2ccccc2O)cc1N1CCCC1,0
CHEMBL5409404,CC(C)[C@H]1CCCN1c1cc(-c2ccccc2O)nnc1N,0
CHEMBL5421138,C[C@H]1CCCN1c1cc(-c2ccco2)nnc1N,0
CHEMBL4761772,CC(C)(O)C(=O)N[C@@H]1CC[C@@]2(S(=O)(=O)c3ccc(F)cc3)c3ccc(C(F)(C(F)(F)F)C(F)(F)F)cc3CC[C@@H]12,0
CHEMBL5596907,CCOC(=O)c1cccc(-c2nnc(-c3sc(Cl)cc3S(=O)(=O)N(C)c3ccc(OCC)c(OC)c3)o2)c1,0
CHEMBL5401472,C[C@H]1CCCN1c1cc(-c2ccccc2O)nnc1N,0
CHEMBL6032165,CS(=O)(=O)c1cccc(N2CCN(Cc3ccc(C(F)(F)F)c(F)c3)[C@H](c3ccccc3)C2)c1,0
CHEMBL4871326,C[C@H]1C[C@H](C(=O)O)CC[C@H]1NN1CC[C@@]2(S(=O)(=O)c3ccc(F)cc3)c3ccc(C(F)(C(F)(F)F)C(F)(F)F)cc3CC[C@@H]12,0
CHEMBL5905213,CC(C)C1CCC(C(=O)N2CCN(c3cccc(S(C)(=O)=O)c3)C[C@H]2c2ccccc2)CC1,0
CHEMBL5835174,CS(=O)(=O)c1cccc(N2CCN(Cc3ccc(C(F)(F)F)o3)[C@H](c3ccccc3)C2)c1,0
CHEMBL6058891,Cc1nc(N2CCN(c3ccc(F)c(S(C)(=O)=O)c3)C[C@H]2C(C)C)ncc1C(=O)N(C)CCCO,0
CHEMBL5925627,CC(C)[C@H]1CN(c2cccc(S(C)(=O)=O)c2)CCN1CC1CCCOC1,0
CHEMBL5887811,Cc1nc(N2CCN(c3ccc(F)c(S(C)(=O)=O)c3)CC2)ncc1CO,0
CHEMBL5789773,CC(C)Oc1cc(C(F)(F)F)nc(N2CCN(c3ccc(F)c(S(C)(=O)=O)c3)C[C@H]2C(C)C)n1,0
CHEMBL5991166,CC(C)[C@@H]1CN(c2ccc(CO)c(S(C)(=O)=O)c2)CCN1c1nccc(CO)n1,0
CHEMBL6010157,COCCCN(C)C(=O)c1cnc(N2CCN(c3cc(F)c(CO)c(S(C)(=O)=O)c3)C[C@H]2C(C)C)nc1C(F)(F)F,0
CHEMBL5769214,Cc1cc(C#N)nc(N2CCN(c3ccc(F)c(S(C)(=O)=O)c3)C[C@H]2C(C)C)n1,0
CHEMBL6009625,CC(C)[C@@H]1CN(c2cc(S(C)(=O)=O)c(C(N)=O)cc2Cl)CCN1c1nccc(C(F)(F)F)n1,0
CHEMBL5741881,CC(C)[C@@H]1CN(c2ccc(C(=O)O)c(S(C)(=O)=O)c2)CCN1c1nccc(C(N)=O)n1,0
CHEMBL5968077,Cc1noc(-c2ccc(N3CCN(c4ncc(CO)c(C(F)(F)F)n4)[C@H](C(C)C)C3)cc2S(C)(=O)=O)n1,0
CHEMBL5742670,CC(C)[C@@H]1CN(c2ccc(F)c(S(C)(=O)=O)c2)CCN1c1ncc(C(=O)N(C)CCC(C)(C)O)c(C(F)(F)F)n1,0
CHEMBL6029256,COC(=O)NCCCN(C)C(=O)c1cnc(N2CCN(c3ccc(F)c(S(C)(=O)=O)c3)C[C@H]2C(C)C)nc1C(F)(F)F,0
CHEMBL5754372,Cc1nc(N2CCN(c3ccc(F)c(S(C)(=O)=O)c3)C[C@H]2C(C)C)ncc1C(N)=O,0
CHEMBL5879747,COC(C)[C@@H]1CN(c2ccc(CO)c(S(C)(=O)=O)c2)CCN1c1ncc(CO)c(C(F)(F)F)n1,0
CHEMBL5794699,COC1CN(C(=O)c2cnc(N3CCN(c4ccc(F)c(S(C)(=O)=O)c4)C[C@H]3C(C)C)nc2C(F)(F)F)C1,0
CHEMBL5790116,CCN(CCOC)C(=O)c1cnc(N2CCN(c3cc(F)c(CO)c(S(C)(=O)=O)c3)C[C@H]2C(C)C)nc1C,0
CHEMBL5786910,CC(C)[C@H]1CN(c2cccc(S(C)(=O)=O)c2)CCN1CC1CCOCC1,0
CHEMBL5891194,CC(C)[C@H]1CN(c2ccc(C#N)c(S(C)(=O)=O)c2)CCN1Cc1ccc(C(F)(F)F)cc1,0
CHEMBL6061344,Cc1nc(N2CCN(c3ccc(F)c(S(C)(=O)=O)c3)C[C@@H]2C(C)C)ncc1S(C)(=O)=O,0
CHEMBL5762206,CC(C)[C@@H]1CN(c2ccc(C(N)=O)c(S(C)(=O)=O)c2Cl)CCN1c1nccc(C(F)(F)F)n1,0
CHEMBL5785907,COCCNC(=O)c1cnc(N2CCN(c3ccc(F)c(S(C)(=O)=O)c3)C[C@H]2C(C)C)nc1C(F)(F)F,0
CHEMBL6034582,CC(C)[C@H]1CN(c2ccc(CCO)c(S(C)(=O)=O)c2)CCN1C[C@@H]1CCN(CC(F)(F)F)C1,0
CHEMBL6039038,COCCN(C)C(=O)c1cnc(N2CCN(c3ccc(F)c(S(C)(=O)=O)c3)C[C@H]2C(C)C)nc1C(F)(F)F,0
CHEMBL5995522,COCCN(C)C(=O)c1cnc(N2CCN(c3ccc(F)c(S(C)(=O)=O)c3)C[C@H]2C(C)C)nc1C,0
CHEMBL5911402,CS(=O)(=O)c1cccc(N2CCN(CC3(F)CCN(CC(F)(F)F)CC3)[C@H](c3ccccc3)C2)c1,0
CHEMBL5844011,CCN(CCCO)C(=O)c1cnc(N2CCN(c3ccc(F)c(S(C)(=O)=O)c3)C[C@H]2C(C)C)nc1C(F)(F)F,0
CHEMBL5803023,CC(C)[C@@H]1CN(c2ccc(F)c(S(C)(=O)=O)c2)CCN1c1ncc(CN)c(C(F)(F)F)n1,0
CHEMBL6029340,CC(C)[C@@H]1CN(c2ccc(F)c(S(C)(=O)=O)c2)CCN1c1ncc(CN(C)C(C)(C)C)c(C(F)(F)F)n1,0
